step,day,hour,net_assimilation_rate,gross_photosynthesis_rate,respiration_rate,light_use_efficiency,co2_uptake_rate,cumulative_carbon_gained,daily_carbon_gained,leaf_temperature,temperature_stress_factor,light_stress_factor,step_count,last_update
1,1,0,0.0038,0.0038,0.0000,0.0001,0.0038,0.0039,0.0000,25.2000,0.1091,0.0000,2,2025-10-17T21:51:30.323763
2,1,1,0.0039,0.0039,0.0000,0.0001,0.0039,0.0116,0.0077,25.2000,0.1091,0.0000,4,2025-10-17T21:51:30.339560
3,1,2,0.0039,0.0039,0.0000,0.0001,0.0039,0.0193,0.0155,25.2000,0.1091,0.0000,6,2025-10-17T21:51:30.355340
4,1,3,0.0040,0.0040,0.0000,0.0001,0.0040,0.0272,0.0234,25.2000,0.1091,0.0000,8,2025-10-17T21:51:30.370959
5,1,4,0.0040,0.0040,0.0000,0.0001,0.0040,0.0352,0.0313,25.2000,0.1091,0.0000,10,2025-10-17T21:51:30.386466
6,1,5,0.0040,0.0040,0.0000,0.0001,0.0040,0.0432,0.0393,25.2000,0.1091,0.0000,12,2025-10-17T21:51:30.402161
7,1,6,0.0041,0.0041,0.0000,0.0001,0.0041,0.0513,0.0475,25.2000,0.1091,0.0000,14,2025-10-17T21:51:30.418088
8,1,7,0.0041,0.0041,0.0000,0.0001,0.0041,0.0595,0.0557,25.2000,0.1091,0.0000,16,2025-10-17T21:51:30.434161
9,1,8,0.0042,0.0042,0.0000,0.0001,0.0042,0.0678,0.0639,25.2000,0.1091,0.0000,18,2025-10-17T21:51:30.450264
10,1,9,0.0042,0.0042,0.0000,0.0001,0.0042,0.0762,0.0723,25.2000,0.1091,0.0000,20,2025-10-17T21:51:30.466551
11,1,10,0.0042,0.0042,0.0000,0.0001,0.0042,0.0846,0.0808,25.2000,0.1091,0.0000,22,2025-10-17T21:51:30.482919
12,1,11,0.0043,0.0043,0.0000,0.0001,0.0043,0.0931,0.0893,25.2000,0.1091,0.0000,24,2025-10-17T21:51:30.499404
13,1,12,0.0043,0.0043,0.0000,0.0001,0.0043,0.1017,0.0979,25.2000,0.1091,0.0000,26,2025-10-17T21:51:30.516117
14,1,13,0.0044,0.0044,0.0000,0.0001,0.0044,0.1104,0.1066,25.2000,0.1091,0.0000,28,2025-10-17T21:51:30.532765
15,1,14,0.0044,0.0044,0.0000,0.0001,0.0044,0.1192,0.1154,25.2000,0.1091,0.0000,30,2025-10-17T21:51:30.549652
16,1,15,0.0044,0.0044,0.0000,0.0001,0.0044,0.1281,0.1242,25.2000,0.1091,0.0000,32,2025-10-17T21:51:30.566601
17,1,16,0.0045,0.0045,0.0000,0.0001,0.0045,0.1370,0.1331,25.2000,0.1091,0.0000,34,2025-10-17T21:51:30.583332
18,1,17,0.0045,0.0045,0.0000,0.0001,0.0045,0.1460,0.1421,25.2000,0.1091,0.0000,36,2025-10-17T21:51:30.600399
19,1,18,0.0046,0.0046,0.0000,0.0001,0.0046,0.1551,0.1512,25.2000,0.1091,0.0000,38,2025-10-17T21:51:30.617657
20,1,19,0.0046,0.0046,0.0000,0.0001,0.0046,0.1643,0.1604,25.2000,0.1091,0.0000,40,2025-10-17T21:51:30.635150
21,1,20,0.0046,0.0046,0.0000,0.0001,0.0046,0.1735,0.1696,25.2000,0.1091,0.0000,42,2025-10-17T21:51:30.652739
22,1,21,0.0047,0.0047,0.0000,0.0001,0.0047,0.1828,0.1790,25.2000,0.1091,0.0000,44,2025-10-17T21:51:30.670113
23,1,22,0.0047,0.0047,0.0000,0.0001,0.0047,0.1922,0.1884,25.2000,0.1091,0.0000,46,2025-10-17T21:51:30.688253
24,1,23,0.0048,0.0048,0.0000,0.0001,0.0048,0.2017,0.1978,25.2000,0.1091,0.0000,48,2025-10-17T21:51:30.706500
25,2,0,0.0045,0.0045,0.0000,0.0001,0.0045,0.2107,0.0000,27.0000,0.2727,0.0000,50,2025-10-17T21:51:30.725393
26,2,1,0.0045,0.0045,0.0000,0.0001,0.0045,0.2197,0.0090,27.0000,0.2727,0.0000,52,2025-10-17T21:51:30.743973
27,2,2,0.0046,0.0046,0.0000,0.0001,0.0046,0.2288,0.0182,27.0000,0.2727,0.0000,54,2025-10-17T21:51:30.762475
28,2,3,0.0046,0.0046,0.0000,0.0001,0.0046,0.2380,0.0273,27.0000,0.2727,0.0000,56,2025-10-17T21:51:30.781491
29,2,4,0.0046,0.0046,0.0000,0.0001,0.0046,0.2472,0.0366,27.0000,0.2727,0.0000,58,2025-10-17T21:51:30.800315
30,2,5,0.0047,0.0047,0.0000,0.0001,0.0047,0.2565,0.0459,27.0000,0.2727,0.0000,60,2025-10-17T21:51:30.819792
31,2,6,0.0047,0.0047,0.0000,0.0001,0.0047,0.2659,0.0552,27.0000,0.2727,0.0000,62,2025-10-17T21:51:30.839197
32,2,7,0.0047,0.0047,0.0000,0.0001,0.0047,0.2753,0.0646,27.0000,0.2727,0.0000,64,2025-10-17T21:51:30.859173
33,2,8,0.0048,0.0048,0.0000,0.0001,0.0048,0.2848,0.0741,27.0000,0.2727,0.0000,66,2025-10-17T21:51:30.878554
34,2,9,0.0048,0.0048,0.0000,0.0001,0.0048,0.2943,0.0836,27.0000,0.2727,0.0000,68,2025-10-17T21:51:30.897609
35,2,10,0.0048,0.0048,0.0000,0.0001,0.0048,0.3039,0.0932,27.0000,0.2727,0.0000,70,2025-10-17T21:51:30.916147
36,2,11,0.0048,0.0048,0.0000,0.0001,0.0048,0.3136,0.1029,27.0000,0.2727,0.0000,72,2025-10-17T21:51:30.934605
37,2,12,0.0049,0.0049,0.0000,0.0001,0.0049,0.3233,0.1126,27.0000,0.2727,0.0000,74,2025-10-17T21:51:30.953011
38,2,13,0.0049,0.0049,0.0000,0.0001,0.0049,0.3331,0.1224,27.0000,0.2727,0.0000,76,2025-10-17T21:51:30.971848
39,2,14,0.0049,0.0049,0.0000,0.0001,0.0049,0.3429,0.1322,27.0000,0.2727,0.0000,78,2025-10-17T21:51:30.990804
40,2,15,0.0050,0.0050,0.0000,0.0001,0.0050,0.3528,0.1421,27.0000,0.2727,0.0000,80,2025-10-17T21:51:31.014994
41,2,16,0.0050,0.0050,0.0000,0.0001,0.0050,0.3627,0.1521,27.0000,0.2727,0.0000,82,2025-10-17T21:51:31.033827
42,2,17,0.0050,0.0050,0.0000,0.0001,0.0050,0.3727,0.1621,27.0000,0.2727,0.0000,84,2025-10-17T21:51:31.052508
43,2,18,0.0050,0.0050,0.0000,0.0001,0.0050,0.3828,0.1721,27.0000,0.2727,0.0000,86,2025-10-17T21:51:31.070623
44,2,19,0.0051,0.0051,0.0000,0.0001,0.0051,0.3929,0.1822,27.0000,0.2727,0.0000,88,2025-10-17T21:51:31.089568
45,2,20,0.0051,0.0051,0.0000,0.0001,0.0051,0.4031,0.1924,27.0000,0.2727,0.0000,90,2025-10-17T21:51:31.108446
46,2,21,0.0051,0.0051,0.0000,0.0001,0.0051,0.4133,0.2026,27.0000,0.2727,0.0000,92,2025-10-17T21:51:31.127635
47,2,22,0.0052,0.0052,0.0000,0.0001,0.0052,0.4236,0.2129,27.0000,0.2727,0.0000,94,2025-10-17T21:51:31.146314
48,2,23,0.0052,0.0052,0.0000,0.0001,0.0052,0.4339,0.2233,27.0000,0.2727,0.0000,96,2025-10-17T21:51:31.165179
49,3,0,0.0054,0.0054,0.0000,0.0001,0.0054,0.4447,0.0000,25.7000,0.1545,0.0000,98,2025-10-17T21:51:31.184533
50,3,1,0.0054,0.0054,0.0000,0.0001,0.0054,0.4555,0.0108,25.7000,0.1545,0.0000,100,2025-10-17T21:51:31.203518
51,3,2,0.0055,0.0055,0.0000,0.0001,0.0055,0.4664,0.0217,25.7000,0.1545,0.0000,102,2025-10-17T21:51:31.222575
52,3,3,0.0055,0.0055,0.0000,0.0001,0.0055,0.4774,0.0327,25.7000,0.1545,0.0000,104,2025-10-17T21:51:31.241615
53,3,4,0.0055,0.0055,0.0000,0.0001,0.0055,0.4884,0.0437,25.7000,0.1545,0.0000,106,2025-10-17T21:51:31.260645
54,3,5,0.0055,0.0055,0.0000,0.0001,0.0055,0.4994,0.0547,25.7000,0.1545,0.0000,108,2025-10-17T21:51:31.279302
55,3,6,0.0055,0.0055,0.0000,0.0001,0.0055,0.5104,0.0657,25.7000,0.1545,0.0000,110,2025-10-17T21:51:31.299174
56,3,7,0.0055,0.0055,0.0000,0.0001,0.0055,0.5215,0.0768,25.7000,0.1545,0.0000,112,2025-10-17T21:51:31.318968
57,3,8,0.0055,0.0055,0.0000,0.0001,0.0055,0.5325,0.0878,25.7000,0.1545,0.0000,114,2025-10-17T21:51:31.339307
58,3,9,0.0055,0.0055,0.0000,0.0001,0.0055,0.5435,0.0988,25.7000,0.1545,0.0000,116,2025-10-17T21:51:31.358386
59,3,10,0.0055,0.0055,0.0000,0.0001,0.0055,0.5545,0.1098,25.7000,0.1545,0.0000,118,2025-10-17T21:51:31.378067
60,3,11,0.0055,0.0055,0.0000,0.0001,0.0055,0.5655,0.1208,25.7000,0.1545,0.0000,120,2025-10-17T21:51:31.397511
61,3,12,0.0055,0.0055,0.0000,0.0001,0.0055,0.5766,0.1319,25.7000,0.1545,0.0000,122,2025-10-17T21:51:31.416833
62,3,13,0.0055,0.0055,0.0000,0.0001,0.0055,0.5876,0.1429,25.7000,0.1545,0.0000,124,2025-10-17T21:51:31.436661
63,3,14,0.0055,0.0055,0.0000,0.0001,0.0055,0.5986,0.1539,25.7000,0.1545,0.0000,126,2025-10-17T21:51:31.456808
64,3,15,0.0055,0.0055,0.0000,0.0001,0.0055,0.6096,0.1649,25.7000,0.1545,0.0000,128,2025-10-17T21:51:31.476793
65,3,16,0.0055,0.0055,0.0000,0.0001,0.0055,0.6206,0.1759,25.7000,0.1545,0.0000,130,2025-10-17T21:51:31.497090
66,3,17,0.0055,0.0055,0.0000,0.0001,0.0055,0.6317,0.1870,25.7000,0.1545,0.0000,132,2025-10-17T21:51:31.517257
67,3,18,0.0055,0.0055,0.0000,0.0001,0.0055,0.6427,0.1980,25.7000,0.1545,0.0000,134,2025-10-17T21:51:31.537165
68,3,19,0.0055,0.0055,0.0000,0.0001,0.0055,0.6537,0.2090,25.7000,0.1545,0.0000,136,2025-10-17T21:51:31.556958
69,3,20,0.0055,0.0055,0.0000,0.0001,0.0055,0.6647,0.2200,25.7000,0.1545,0.0000,138,2025-10-17T21:51:31.576240
70,3,21,0.0055,0.0055,0.0000,0.0001,0.0055,0.6758,0.2311,25.7000,0.1545,0.0000,140,2025-10-17T21:51:31.595461
71,3,22,0.0055,0.0055,0.0000,0.0001,0.0055,0.6868,0.2421,25.7000,0.1545,0.0000,142,2025-10-17T21:51:31.614875
72,3,23,0.0055,0.0055,0.0000,0.0001,0.0055,0.6978,0.2531,25.7000,0.1545,0.0000,144,2025-10-17T21:51:31.634481
73,4,0,0.0055,0.0055,0.0000,0.0001,0.0055,0.7088,0.0000,25.0000,0.0909,0.0000,146,2025-10-17T21:51:31.654382
74,4,1,0.0055,0.0055,0.0000,0.0001,0.0055,0.7198,0.0110,25.0000,0.0909,0.0000,148,2025-10-17T21:51:31.674953
75,4,2,0.0055,0.0055,0.0000,0.0001,0.0055,0.7307,0.0219,25.0000,0.0909,0.0000,150,2025-10-17T21:51:31.694753
76,4,3,0.0055,0.0055,0.0000,0.0001,0.0055,0.7417,0.0329,25.0000,0.0909,0.0000,152,2025-10-17T21:51:31.714553
77,4,4,0.0055,0.0055,0.0000,0.0001,0.0055,0.7527,0.0439,25.0000,0.0909,0.0000,154,2025-10-17T21:51:31.734252
78,4,5,0.0055,0.0055,0.0000,0.0001,0.0055,0.7636,0.0549,25.0000,0.0909,0.0000,156,2025-10-17T21:51:31.754018
79,4,6,0.0055,0.0055,0.0000,0.0001,0.0055,0.7746,0.0658,25.0000,0.0909,0.0000,158,2025-10-17T21:51:31.773331
80,4,7,0.0055,0.0055,0.0000,0.0001,0.0055,0.7856,0.0768,25.0000,0.0909,0.0000,160,2025-10-17T21:51:31.792657
81,4,8,0.0055,0.0055,0.0000,0.0001,0.0055,0.7966,0.0878,25.0000,0.0909,0.0000,162,2025-10-17T21:51:31.811961
82,4,9,0.0055,0.0055,0.0000,0.0001,0.0055,0.8075,0.0987,25.0000,0.0909,0.0000,164,2025-10-17T21:51:31.831321
83,4,10,0.0055,0.0055,0.0000,0.0001,0.0055,0.8185,0.1097,25.0000,0.0909,0.0000,166,2025-10-17T21:51:31.850852
84,4,11,0.0055,0.0055,0.0000,0.0001,0.0055,0.8295,0.1207,25.0000,0.0909,0.0000,168,2025-10-17T21:51:31.870084
85,4,12,0.0055,0.0055,0.0000,0.0001,0.0055,0.8404,0.1317,25.0000,0.0909,0.0000,170,2025-10-17T21:51:31.889446
86,4,13,0.0055,0.0055,0.0000,0.0001,0.0055,0.8514,0.1426,25.0000,0.0909,0.0000,172,2025-10-17T21:51:31.908983
87,4,14,0.0055,0.0055,0.0000,0.0001,0.0055,0.8624,0.1536,25.0000,0.0909,0.0000,174,2025-10-17T21:51:31.928625
88,4,15,0.0055,0.0055,0.0000,0.0001,0.0055,0.8734,0.1646,25.0000,0.0909,0.0000,176,2025-10-17T21:51:31.948116
89,4,16,0.0055,0.0055,0.0000,0.0001,0.0055,0.8843,0.1755,25.0000,0.0909,0.0000,178,2025-10-17T21:51:31.967747
90,4,17,0.0055,0.0055,0.0000,0.0001,0.0055,0.8953,0.1865,25.0000,0.0909,0.0000,180,2025-10-17T21:51:31.986869
91,4,18,0.0055,0.0055,0.0000,0.0001,0.0055,0.9063,0.1975,25.0000,0.0909,0.0000,182,2025-10-17T21:51:32.006388
92,4,19,0.0055,0.0055,0.0000,0.0001,0.0055,0.9172,0.2085,25.0000,0.0909,0.0000,184,2025-10-17T21:51:32.026630
93,4,20,0.0055,0.0055,0.0000,0.0001,0.0055,0.9282,0.2194,25.0000,0.0909,0.0000,186,2025-10-17T21:51:32.045540
94,4,21,0.0055,0.0055,0.0000,0.0001,0.0055,0.9392,0.2304,25.0000,0.0909,0.0000,188,2025-10-17T21:51:32.064742
95,4,22,0.0055,0.0055,0.0000,0.0001,0.0055,0.9502,0.2414,25.0000,0.0909,0.0000,190,2025-10-17T21:51:32.084219
96,4,23,0.0055,0.0055,0.0000,0.0001,0.0055,0.9611,0.2523,25.0000,0.0909,0.0000,192,2025-10-17T21:51:32.103460
97,5,0,0.0056,0.0056,0.0000,0.0002,0.0056,0.9723,0.0000,23.6000,0.0000,0.0000,194,2025-10-17T21:51:32.123289
98,5,1,0.0056,0.0056,0.0000,0.0002,0.0056,0.9836,0.0112,23.6000,0.0000,0.0000,196,2025-10-17T21:51:32.142452
99,5,2,0.0056,0.0056,0.0000,0.0002,0.0056,0.9949,0.0225,23.6000,0.0000,0.0000,198,2025-10-17T21:51:32.161817
100,5,3,0.0057,0.0057,0.0000,0.0002,0.0057,1.0062,0.0338,23.6000,0.0000,0.0000,200,2025-10-17T21:51:32.181005
101,5,4,0.0057,0.0057,0.0000,0.0002,0.0057,1.0175,0.0452,23.6000,0.0000,0.0000,202,2025-10-17T21:51:32.200192
102,5,5,0.0057,0.0057,0.0000,0.0002,0.0057,1.0289,0.0565,23.6000,0.0000,0.0000,204,2025-10-17T21:51:32.220176
103,5,6,0.0057,0.0057,0.0000,0.0002,0.0057,1.0403,0.0679,23.6000,0.0000,0.0000,206,2025-10-17T21:51:32.238601
104,5,7,0.0057,0.0057,0.0000,0.0002,0.0057,1.0517,0.0794,23.6000,0.0000,0.0000,208,2025-10-17T21:51:32.256670
105,5,8,0.0057,0.0057,0.0000,0.0002,0.0057,1.0632,0.0908,23.6000,0.0000,0.0000,210,2025-10-17T21:51:32.275024
106,5,9,0.0058,0.0058,0.0000,0.0002,0.0058,1.0747,0.1023,23.6000,0.0000,0.0000,212,2025-10-17T21:51:32.293179
107,5,10,0.0058,0.0058,0.0000,0.0002,0.0058,1.0862,0.1138,23.6000,0.0000,0.0000,214,2025-10-17T21:51:32.311952
108,5,11,0.0058,0.0058,0.0000,0.0002,0.0058,1.0978,0.1254,23.6000,0.0000,0.0000,216,2025-10-17T21:51:32.331139
109,5,12,0.0058,0.0058,0.0000,0.0002,0.0058,1.1093,0.1370,23.6000,0.0000,0.0000,218,2025-10-17T21:51:32.350219
110,5,13,0.0058,0.0058,0.0000,0.0002,0.0058,1.1210,0.1486,23.6000,0.0000,0.0000,220,2025-10-17T21:51:32.368418
111,5,14,0.0058,0.0058,0.0000,0.0002,0.0058,1.1326,0.1603,23.6000,0.0000,0.0000,222,2025-10-17T21:51:32.387010
112,5,15,0.0058,0.0058,0.0000,0.0002,0.0058,1.1443,0.1719,23.6000,0.0000,0.0000,224,2025-10-17T21:51:32.405058
113,5,16,0.0059,0.0059,0.0000,0.0002,0.0059,1.1560,0.1836,23.6000,0.0000,0.0000,226,2025-10-17T21:51:32.423824
114,5,17,0.0059,0.0059,0.0000,0.0002,0.0059,1.1677,0.1954,23.6000,0.0000,0.0000,228,2025-10-17T21:51:32.442525
115,5,18,0.0059,0.0059,0.0000,0.0002,0.0059,1.1795,0.2072,23.6000,0.0000,0.0000,230,2025-10-17T21:51:32.461364
116,5,19,0.0059,0.0059,0.0000,0.0002,0.0059,1.1913,0.2190,23.6000,0.0000,0.0000,232,2025-10-17T21:51:32.480179
117,5,20,0.0059,0.0059,0.0000,0.0002,0.0059,1.2031,0.2308,23.6000,0.0000,0.0000,234,2025-10-17T21:51:32.499444
118,5,21,0.0059,0.0059,0.0000,0.0001,0.0059,1.2150,0.2426,23.6000,0.0000,0.0000,236,2025-10-17T21:51:32.518862
119,5,22,0.0060,0.0060,0.0000,0.0001,0.0060,1.2269,0.2545,23.6000,0.0000,0.0000,238,2025-10-17T21:51:32.538121
120,5,23,0.0060,0.0060,0.0000,0.0001,0.0060,1.2388,0.2664,23.6000,0.0000,0.0000,240,2025-10-17T21:51:32.558513
121,6,0,0.0058,0.0058,0.0000,0.0002,0.0058,1.2504,0.0000,24.7000,0.0636,0.0000,242,2025-10-17T21:51:32.578777
122,6,1,0.0058,0.0058,0.0000,0.0002,0.0058,1.2621,0.0117,24.7000,0.0636,0.0000,244,2025-10-17T21:51:32.597923
123,6,2,0.0059,0.0059,0.0000,0.0002,0.0059,1.2738,0.0234,24.7000,0.0636,0.0000,246,2025-10-17T21:51:32.617583
124,6,3,0.0059,0.0059,0.0000,0.0002,0.0059,1.2856,0.0351,24.7000,0.0636,0.0000,248,2025-10-17T21:51:32.637865
125,6,4,0.0059,0.0059,0.0000,0.0002,0.0059,1.2973,0.0469,24.7000,0.0636,0.0000,250,2025-10-17T21:51:32.658503
126,6,5,0.0059,0.0059,0.0000,0.0002,0.0059,1.3091,0.0587,24.7000,0.0636,0.0000,252,2025-10-17T21:51:32.678828
127,6,6,0.0059,0.0059,0.0000,0.0002,0.0059,1.3209,0.0705,24.7000,0.0636,0.0000,254,2025-10-17T21:51:32.700580
128,6,7,0.0059,0.0059,0.0000,0.0002,0.0059,1.3328,0.0823,24.7000,0.0636,0.0000,256,2025-10-17T21:51:32.721564
129,6,8,0.0059,0.0059,0.0000,0.0002,0.0059,1.3447,0.0942,24.7000,0.0636,0.0000,258,2025-10-17T21:51:32.742293
130,6,9,0.0060,0.0060,0.0000,0.0002,0.0060,1.3565,0.1061,24.7000,0.0636,0.0000,260,2025-10-17T21:51:32.762840
131,6,10,0.0060,0.0060,0.0000,0.0002,0.0060,1.3685,0.1180,24.7000,0.0636,0.0000,262,2025-10-17T21:51:32.783503
132,6,11,0.0060,0.0060,0.0000,0.0002,0.0060,1.3804,0.1300,24.7000,0.0636,0.0000,264,2025-10-17T21:51:32.802868
133,6,12,0.0060,0.0060,0.0000,0.0002,0.0060,1.3924,0.1419,24.7000,0.0636,0.0000,266,2025-10-17T21:51:32.822095
134,6,13,0.0060,0.0060,0.0000,0.0002,0.0060,1.4044,0.1539,24.7000,0.0636,0.0000,268,2025-10-17T21:51:32.841141
135,6,14,0.0060,0.0060,0.0000,0.0002,0.0060,1.4164,0.1660,24.7000,0.0636,0.0000,270,2025-10-17T21:51:32.859734
136,6,15,0.0060,0.0060,0.0000,0.0002,0.0060,1.4285,0.1780,24.7000,0.0636,0.0000,272,2025-10-17T21:51:32.878310
137,6,16,0.0060,0.0060,0.0000,0.0002,0.0060,1.4405,0.1901,24.7000,0.0636,0.0000,274,2025-10-17T21:51:32.897038
138,6,17,0.0061,0.0061,0.0000,0.0002,0.0061,1.4526,0.2022,24.7000,0.0636,0.0000,276,2025-10-17T21:51:32.915697
139,6,18,0.0061,0.0061,0.0000,0.0002,0.0061,1.4648,0.2143,24.7000,0.0636,0.0000,278,2025-10-17T21:51:32.934161
140,6,19,0.0061,0.0061,0.0000,0.0002,0.0061,1.4769,0.2265,24.7000,0.0636,0.0000,280,2025-10-17T21:51:32.952766
141,6,20,0.0061,0.0061,0.0000,0.0002,0.0061,1.4891,0.2387,24.7000,0.0636,0.0000,282,2025-10-17T21:51:32.971551
142,6,21,0.0061,0.0061,0.0000,0.0002,0.0061,1.5013,0.2509,24.7000,0.0636,0.0000,284,2025-10-17T21:51:32.990414
143,6,22,0.0061,0.0061,0.0000,0.0002,0.0061,1.5135,0.2631,24.7000,0.0636,0.0000,286,2025-10-17T21:51:33.009239
144,6,23,0.0061,0.0061,0.0000,0.0002,0.0061,1.5258,0.2753,24.7000,0.0636,0.0000,288,2025-10-17T21:51:33.029172
145,7,0,0.0059,0.0059,0.0000,0.0002,0.0059,1.5375,0.0000,26.3000,0.2091,0.0000,290,2025-10-17T21:51:33.048889
146,7,1,0.0059,0.0059,0.0000,0.0002,0.0059,1.5493,0.0118,26.3000,0.2091,0.0000,292,2025-10-17T21:51:33.067567
147,7,2,0.0059,0.0059,0.0000,0.0002,0.0059,1.5611,0.0236,26.3000,0.2091,0.0000,294,2025-10-17T21:51:33.086164
148,7,3,0.0059,0.0059,0.0000,0.0002,0.0059,1.5730,0.0354,26.3000,0.2091,0.0000,296,2025-10-17T21:51:33.104969
149,7,4,0.0059,0.0059,0.0000,0.0002,0.0059,1.5848,0.0473,26.3000,0.2091,0.0000,298,2025-10-17T21:51:33.124176
150,7,5,0.0059,0.0059,0.0000,0.0002,0.0059,1.5967,0.0591,26.3000,0.2091,0.0000,300,2025-10-17T21:51:33.143345
151,7,6,0.0060,0.0060,0.0000,0.0002,0.0060,1.6086,0.0710,26.3000,0.2091,0.0000,302,2025-10-17T21:51:33.162420
152,7,7,0.0060,0.0060,0.0000,0.0002,0.0060,1.6205,0.0830,26.3000,0.2091,0.0000,304,2025-10-17T21:51:33.181060
153,7,8,0.0060,0.0060,0.0000,0.0002,0.0060,1.6325,0.0949,26.3000,0.2091,0.0000,306,2025-10-17T21:51:33.199591
154,7,9,0.0060,0.0060,0.0000,0.0002,0.0060,1.6445,0.1070,26.3000,0.2091,0.0000,308,2025-10-17T21:51:33.218314
155,7,10,0.0061,0.0061,0.0000,0.0002,0.0061,1.6566,0.1191,26.3000,0.2091,0.0000,310,2025-10-17T21:51:33.236997
156,7,11,0.0061,0.0061,0.0000,0.0002,0.0061,1.6687,0.1312,26.3000,0.2091,0.0000,312,2025-10-17T21:51:33.255479
157,7,12,0.0061,0.0061,0.0000,0.0002,0.0061,1.6809,0.1434,26.3000,0.2091,0.0000,314,2025-10-17T21:51:33.273953
158,7,13,0.0061,0.0061,0.0000,0.0002,0.0061,1.6932,0.1556,26.3000,0.2091,0.0000,316,2025-10-17T21:51:33.292768
159,7,14,0.0062,0.0062,0.0000,0.0002,0.0062,1.7055,0.1679,26.3000,0.2091,0.0000,318,2025-10-17T21:51:33.311291
160,7,15,0.0062,0.0062,0.0000,0.0002,0.0062,1.7178,0.1803,26.3000,0.2091,0.0000,320,2025-10-17T21:51:33.329613
161,7,16,0.0062,0.0062,0.0000,0.0002,0.0062,1.7302,0.1927,26.3000,0.2091,0.0000,322,2025-10-17T21:51:33.348072
162,7,17,0.0062,0.0062,0.0000,0.0002,0.0062,1.7427,0.2052,26.3000,0.2091,0.0000,324,2025-10-17T21:51:33.367515
163,7,18,0.0063,0.0063,0.0000,0.0002,0.0063,1.7552,0.2177,26.3000,0.2091,0.0000,326,2025-10-17T21:51:33.386335
164,7,19,0.0063,0.0063,0.0000,0.0002,0.0063,1.7677,0.2302,26.3000,0.2091,0.0000,328,2025-10-17T21:51:33.405291
165,7,20,0.0063,0.0063,0.0000,0.0002,0.0063,1.7803,0.2428,26.3000,0.2091,0.0000,330,2025-10-17T21:51:33.424614
166,7,21,0.0063,0.0063,0.0000,0.0002,0.0063,1.7930,0.2555,26.3000,0.2091,0.0000,332,2025-10-17T21:51:33.443291
167,7,22,0.0063,0.0063,0.0000,0.0002,0.0063,1.8057,0.2681,26.3000,0.2091,0.0000,334,2025-10-17T21:51:33.462235
168,7,23,0.0064,0.0064,0.0000,0.0002,0.0064,1.8183,0.2808,26.3000,0.2091,0.0000,336,2025-10-17T21:51:33.481262
169,8,0,0.0065,0.0065,0.0000,0.0002,0.0065,1.8313,0.0000,24.4000,0.0364,0.0000,338,2025-10-17T21:51:33.500354
170,8,1,0.0065,0.0065,0.0000,0.0002,0.0065,1.8443,0.0130,24.4000,0.0364,0.0000,340,2025-10-17T21:51:33.519433
171,8,2,0.0065,0.0065,0.0000,0.0002,0.0065,1.8574,0.0261,24.4000,0.0364,0.0000,342,2025-10-17T21:51:33.539058
172,8,3,0.0065,0.0065,0.0000,0.0002,0.0065,1.8705,0.0391,24.4000,0.0364,0.0000,344,2025-10-17T21:51:33.558123
173,8,4,0.0066,0.0066,0.0000,0.0002,0.0066,1.8836,0.0522,24.4000,0.0364,0.0000,346,2025-10-17T21:51:33.577306
174,8,5,0.0066,0.0066,0.0000,0.0002,0.0066,1.8967,0.0654,24.4000,0.0364,0.0000,348,2025-10-17T21:51:33.596510
175,8,6,0.0066,0.0066,0.0000,0.0002,0.0066,1.9099,0.0786,24.4000,0.0364,0.0000,350,2025-10-17T21:51:33.615603
176,8,7,0.0066,0.0066,0.0000,0.0002,0.0066,1.9231,0.0918,24.4000,0.0364,0.0000,352,2025-10-17T21:51:33.635289
177,8,8,0.0066,0.0066,0.0000,0.0002,0.0066,1.9364,0.1050,24.4000,0.0364,0.0000,354,2025-10-17T21:51:33.655539
178,8,9,0.0066,0.0066,0.0000,0.0002,0.0066,1.9496,0.1183,24.4000,0.0364,0.0000,356,2025-10-17T21:51:33.675946
179,8,10,0.0067,0.0067,0.0000,0.0002,0.0067,1.9629,0.1316,24.4000,0.0364,0.0000,358,2025-10-17T21:51:33.696300
180,8,11,0.0067,0.0067,0.0000,0.0002,0.0067,1.9763,0.1450,24.4000,0.0364,0.0000,360,2025-10-17T21:51:33.716947
181,8,12,0.0067,0.0067,0.0000,0.0002,0.0067,1.9897,0.1583,24.4000,0.0364,0.0000,362,2025-10-17T21:51:33.736772
182,8,13,0.0067,0.0067,0.0000,0.0002,0.0067,2.0031,0.1718,24.4000,0.0364,0.0000,364,2025-10-17T21:51:33.756370
183,8,14,0.0067,0.0067,0.0000,0.0002,0.0067,2.0165,0.1852,24.4000,0.0364,0.0000,366,2025-10-17T21:51:33.776842
184,8,15,0.0067,0.0067,0.0000,0.0002,0.0067,2.0300,0.1987,24.4000,0.0364,0.0000,368,2025-10-17T21:51:33.796903
185,8,16,0.0068,0.0068,0.0000,0.0002,0.0068,2.0435,0.2122,24.4000,0.0364,0.0000,370,2025-10-17T21:51:33.816565
186,8,17,0.0068,0.0068,0.0000,0.0002,0.0068,2.0571,0.2258,24.4000,0.0364,0.0000,372,2025-10-17T21:51:33.835819
187,8,18,0.0068,0.0068,0.0000,0.0002,0.0068,2.0707,0.2393,24.4000,0.0364,0.0000,374,2025-10-17T21:51:33.855335
188,8,19,0.0068,0.0068,0.0000,0.0002,0.0068,2.0843,0.2529,24.4000,0.0364,0.0000,376,2025-10-17T21:51:33.875517
189,8,20,0.0068,0.0068,0.0000,0.0002,0.0068,2.0979,0.2666,24.4000,0.0364,0.0000,378,2025-10-17T21:51:33.895255
190,8,21,0.0068,0.0068,0.0000,0.0002,0.0068,2.1116,0.2803,24.4000,0.0364,0.0000,380,2025-10-17T21:51:33.914905
191,8,22,0.0069,0.0069,0.0000,0.0002,0.0069,2.1253,0.2940,24.4000,0.0364,0.0000,382,2025-10-17T21:51:33.934057
192,8,23,0.0069,0.0069,0.0000,0.0002,0.0069,2.1390,0.3077,24.4000,0.0364,0.0000,384,2025-10-17T21:51:33.953441
193,9,0,0.0069,0.0069,0.0000,0.0001,0.0069,2.1527,0.0000,26.4000,0.2182,0.0000,386,2025-10-17T21:51:33.973890
194,9,1,0.0069,0.0069,0.0000,0.0001,0.0069,2.1665,0.0137,26.4000,0.2182,0.0000,388,2025-10-17T21:51:33.994136
195,9,2,0.0069,0.0069,0.0000,0.0001,0.0069,2.1802,0.0275,26.4000,0.2182,0.0000,390,2025-10-17T21:51:34.013600
196,9,3,0.0069,0.0069,0.0000,0.0001,0.0069,2.1940,0.0413,26.4000,0.2182,0.0000,392,2025-10-17T21:51:34.033006
197,9,4,0.0069,0.0069,0.0000,0.0001,0.0069,2.2079,0.0551,26.4000,0.2182,0.0000,394,2025-10-17T21:51:34.052828
198,9,5,0.0069,0.0069,0.0000,0.0001,0.0069,2.2217,0.0690,26.4000,0.2182,0.0000,396,2025-10-17T21:51:34.071535
199,9,6,0.0069,0.0069,0.0000,0.0001,0.0069,2.2356,0.0829,26.4000,0.2182,0.0000,398,2025-10-17T21:51:34.090777
200,9,7,0.0070,0.0070,0.0000,0.0001,0.0070,2.2495,0.0968,26.4000,0.2182,0.0000,400,2025-10-17T21:51:34.109995
201,9,8,0.0070,0.0070,0.0000,0.0001,0.0070,2.2634,0.1107,26.4000,0.2182,0.0000,402,2025-10-17T21:51:34.129567
202,9,9,0.0070,0.0070,0.0000,0.0001,0.0070,2.2774,0.1247,26.4000,0.2182,0.0000,404,2025-10-17T21:51:34.149375
203,9,10,0.0070,0.0070,0.0000,0.0001,0.0070,2.2914,0.1387,26.4000,0.2182,0.0000,406,2025-10-17T21:51:34.169984
204,9,11,0.0070,0.0070,0.0000,0.0001,0.0070,2.3054,0.1527,26.4000,0.2182,0.0000,408,2025-10-17T21:51:34.189639
205,9,12,0.0070,0.0070,0.0000,0.0001,0.0070,2.3194,0.1667,26.4000,0.2182,0.0000,410,2025-10-17T21:51:34.209253
206,9,13,0.0070,0.0070,0.0000,0.0001,0.0070,2.3335,0.1808,26.4000,0.2182,0.0000,412,2025-10-17T21:51:34.228549
207,9,14,0.0070,0.0070,0.0000,0.0001,0.0070,2.3476,0.1949,26.4000,0.2182,0.0000,414,2025-10-17T21:51:34.247882
208,9,15,0.0071,0.0071,0.0000,0.0001,0.0071,2.3617,0.2090,26.4000,0.2182,0.0000,416,2025-10-17T21:51:34.266796
209,9,16,0.0071,0.0071,0.0000,0.0001,0.0071,2.3758,0.2231,26.4000,0.2182,0.0000,418,2025-10-17T21:51:34.285595
210,9,17,0.0071,0.0071,0.0000,0.0001,0.0071,2.3900,0.2373,26.4000,0.2182,0.0000,420,2025-10-17T21:51:34.304796
211,9,18,0.0071,0.0071,0.0000,0.0001,0.0071,2.4042,0.2515,26.4000,0.2182,0.0000,422,2025-10-17T21:51:34.323537
212,9,19,0.0071,0.0071,0.0000,0.0001,0.0071,2.4184,0.2657,26.4000,0.2182,0.0000,424,2025-10-17T21:51:34.342824
213,9,20,0.0071,0.0071,0.0000,0.0001,0.0071,2.4326,0.2799,26.4000,0.2182,0.0000,426,2025-10-17T21:51:34.361917
214,9,21,0.0072,0.0072,0.0000,0.0001,0.0072,2.4470,0.2942,26.4000,0.2182,0.0000,428,2025-10-17T21:51:34.381177
215,9,22,0.0072,0.0072,0.0000,0.0001,0.0072,2.4614,0.3086,26.4000,0.2182,0.0000,430,2025-10-17T21:51:34.400603
216,9,23,0.0072,0.0072,0.0000,0.0001,0.0072,2.4758,0.3231,26.4000,0.2182,0.0000,432,2025-10-17T21:51:34.419704
217,10,0,0.0078,0.0078,0.0000,0.0001,0.0078,2.4914,0.0000,22.8000,0.0000,0.0000,434,2025-10-17T21:51:34.439109
218,10,1,0.0079,0.0079,0.0000,0.0001,0.0079,2.5071,0.0157,22.8000,0.0000,0.0000,436,2025-10-17T21:51:34.458110
219,10,2,0.0079,0.0079,0.0000,0.0001,0.0079,2.5229,0.0315,22.8000,0.0000,0.0000,438,2025-10-17T21:51:34.477198
220,10,3,0.0079,0.0079,0.0000,0.0001,0.0079,2.5387,0.0473,22.8000,0.0000,0.0000,440,2025-10-17T21:51:34.496781
221,10,4,0.0080,0.0080,0.0000,0.0001,0.0080,2.5547,0.0632,22.8000,0.0000,0.0000,442,2025-10-17T21:51:34.515935
222,10,5,0.0080,0.0080,0.0000,0.0001,0.0080,2.5706,0.0792,22.8000,0.0000,0.0000,444,2025-10-17T21:51:34.534968
223,10,6,0.0080,0.0080,0.0000,0.0001,0.0080,2.5867,0.0952,22.8000,0.0000,0.0000,446,2025-10-17T21:51:34.554157
224,10,7,0.0080,0.0080,0.0000,0.0001,0.0080,2.6027,0.1113,22.8000,0.0000,0.0000,448,2025-10-17T21:51:34.572970
225,10,8,0.0081,0.0081,0.0000,0.0001,0.0081,2.6188,0.1274,22.8000,0.0000,0.0000,450,2025-10-17T21:51:34.591621
226,10,9,0.0081,0.0081,0.0000,0.0001,0.0081,2.6350,0.1436,22.8000,0.0000,0.0000,452,2025-10-17T21:51:34.610804
227,10,10,0.0081,0.0081,0.0000,0.0001,0.0081,2.6512,0.1598,22.8000,0.0000,0.0000,454,2025-10-17T21:51:34.629892
228,10,11,0.0081,0.0081,0.0000,0.0001,0.0081,2.6674,0.1760,22.8000,0.0000,0.0000,456,2025-10-17T21:51:34.648638
229,10,12,0.0082,0.0082,0.0000,0.0001,0.0082,2.6837,0.1923,22.8000,0.0000,0.0000,458,2025-10-17T21:51:34.667865
230,10,13,0.0082,0.0082,0.0000,0.0001,0.0082,2.7000,0.2086,22.8000,0.0000,0.0000,460,2025-10-17T21:51:34.686513
231,10,14,0.0082,0.0082,0.0000,0.0001,0.0082,2.7164,0.2250,22.8000,0.0000,0.0000,462,2025-10-17T21:51:34.705796
232,10,15,0.0082,0.0082,0.0000,0.0001,0.0082,2.7328,0.2414,22.8000,0.0000,0.0000,464,2025-10-17T21:51:34.725539
233,10,16,0.0082,0.0082,0.0000,0.0001,0.0082,2.7493,0.2578,22.8000,0.0000,0.0000,466,2025-10-17T21:51:34.745712
234,10,17,0.0083,0.0083,0.0000,0.0001,0.0083,2.7658,0.2743,22.8000,0.0000,0.0000,468,2025-10-17T21:51:34.764700
235,10,18,0.0083,0.0083,0.0000,0.0001,0.0083,2.7823,0.2909,22.8000,0.0000,0.0000,470,2025-10-17T21:51:34.784206
236,10,19,0.0083,0.0083,0.0000,0.0001,0.0083,2.7989,0.3074,22.8000,0.0000,0.0000,472,2025-10-17T21:51:34.803399
237,10,20,0.0083,0.0083,0.0000,0.0001,0.0083,2.8155,0.3241,22.8000,0.0000,0.0000,474,2025-10-17T21:51:34.822859
238,10,21,0.0083,0.0083,0.0000,0.0001,0.0083,2.8322,0.3407,22.8000,0.0000,0.0000,476,2025-10-17T21:51:34.842416
239,10,22,0.0084,0.0084,0.0000,0.0001,0.0084,2.8489,0.3574,22.8000,0.0000,0.0000,478,2025-10-17T21:51:34.861818
240,10,23,0.0084,0.0084,0.0000,0.0001,0.0084,2.8656,0.3742,22.8000,0.0000,0.0000,480,2025-10-17T21:51:34.881249
241,11,0,0.0078,0.0078,0.0000,0.0002,0.0078,2.8812,0.0000,25.6000,0.1455,0.0000,482,2025-10-17T21:51:34.900970
242,11,1,0.0078,0.0078,0.0000,0.0002,0.0078,2.8969,0.0157,25.6000,0.1455,0.0000,484,2025-10-17T21:51:34.921296
243,11,2,0.0079,0.0079,0.0000,0.0002,0.0079,2.9126,0.0314,25.6000,0.1455,0.0000,486,2025-10-17T21:51:34.941451
244,11,3,0.0079,0.0079,0.0000,0.0002,0.0079,2.9283,0.0471,25.6000,0.1455,0.0000,488,2025-10-17T21:51:34.961178
245,11,4,0.0079,0.0079,0.0000,0.0002,0.0079,2.9441,0.0628,25.6000,0.1455,0.0000,490,2025-10-17T21:51:34.980069
246,11,5,0.0079,0.0079,0.0000,0.0002,0.0079,2.9599,0.0786,25.6000,0.1455,0.0000,492,2025-10-17T21:51:35.000271
247,11,6,0.0079,0.0079,0.0000,0.0002,0.0079,2.9757,0.0945,25.6000,0.1455,0.0000,494,2025-10-17T21:51:35.019286
248,11,7,0.0079,0.0079,0.0000,0.0002,0.0079,2.9916,0.1104,25.6000,0.1455,0.0000,496,2025-10-17T21:51:35.038385
249,11,8,0.0080,0.0080,0.0000,0.0002,0.0080,3.0075,0.1263,25.6000,0.1455,0.0000,498,2025-10-17T21:51:35.057770
250,11,9,0.0080,0.0080,0.0000,0.0002,0.0080,3.0234,0.1422,25.6000,0.1455,0.0000,500,2025-10-17T21:51:35.080398
251,11,10,0.0080,0.0080,0.0000,0.0002,0.0080,3.0394,0.1582,25.6000,0.1455,0.0000,502,2025-10-17T21:51:35.100312
252,11,11,0.0080,0.0080,0.0000,0.0002,0.0080,3.0554,0.1742,25.6000,0.1455,0.0000,504,2025-10-17T21:51:35.120155
253,11,12,0.0080,0.0080,0.0000,0.0002,0.0080,3.0714,0.1902,25.6000,0.1455,0.0000,506,2025-10-17T21:51:35.139375
254,11,13,0.0080,0.0080,0.0000,0.0002,0.0080,3.0875,0.2063,25.6000,0.1455,0.0000,508,2025-10-17T21:51:35.158844
255,11,14,0.0081,0.0081,0.0000,0.0002,0.0081,3.1036,0.2224,25.6000,0.1455,0.0000,510,2025-10-17T21:51:35.177439
256,11,15,0.0081,0.0081,0.0000,0.0002,0.0081,3.1198,0.2386,25.6000,0.1455,0.0000,512,2025-10-17T21:51:35.196127
257,11,16,0.0081,0.0081,0.0000,0.0002,0.0081,3.1359,0.2547,25.6000,0.1455,0.0000,514,2025-10-17T21:51:35.214733
258,11,17,0.0081,0.0081,0.0000,0.0002,0.0081,3.1522,0.2709,25.6000,0.1455,0.0000,516,2025-10-17T21:51:35.233486
259,11,18,0.0081,0.0081,0.0000,0.0002,0.0081,3.1684,0.2872,25.6000,0.1455,0.0000,518,2025-10-17T21:51:35.251997
260,11,19,0.0081,0.0081,0.0000,0.0002,0.0081,3.1847,0.3035,25.6000,0.1455,0.0000,520,2025-10-17T21:51:35.270798
261,11,20,0.0082,0.0082,0.0000,0.0002,0.0082,3.2010,0.3198,25.6000,0.1455,0.0000,522,2025-10-17T21:51:35.289877
262,11,21,0.0082,0.0082,0.0000,0.0002,0.0082,3.2173,0.3361,25.6000,0.1455,0.0000,524,2025-10-17T21:51:35.308637
263,11,22,0.0082,0.0082,0.0000,0.0002,0.0082,3.2337,0.3525,25.6000,0.1455,0.0000,526,2025-10-17T21:51:35.327535
264,11,23,0.0082,0.0082,0.0000,0.0002,0.0082,3.2501,0.3689,25.6000,0.1455,0.0000,528,2025-10-17T21:51:35.346516
265,12,0,0.0081,0.0081,0.0000,0.0002,0.0081,3.2663,0.0000,24.7000,0.0636,0.0000,530,2025-10-17T21:51:35.366214
266,12,1,0.0081,0.0081,0.0000,0.0002,0.0081,3.2826,0.0163,24.7000,0.0636,0.0000,532,2025-10-17T21:51:35.384829
267,12,2,0.0082,0.0082,0.0000,0.0002,0.0082,3.2989,0.0326,24.7000,0.0636,0.0000,534,2025-10-17T21:51:35.404024
268,12,3,0.0082,0.0082,0.0000,0.0002,0.0082,3.3153,0.0489,24.7000,0.0636,0.0000,536,2025-10-17T21:51:35.423342
269,12,4,0.0082,0.0082,0.0000,0.0002,0.0082,3.3316,0.0653,24.7000,0.0636,0.0000,538,2025-10-17T21:51:35.442323
270,12,5,0.0082,0.0082,0.0000,0.0002,0.0082,3.3480,0.0817,24.7000,0.0636,0.0000,540,2025-10-17T21:51:35.460875
271,12,6,0.0082,0.0082,0.0000,0.0002,0.0082,3.3645,0.0981,24.7000,0.0636,0.0000,542,2025-10-17T21:51:35.479328
272,12,7,0.0083,0.0083,0.0000,0.0002,0.0083,3.3810,0.1146,24.7000,0.0636,0.0000,544,2025-10-17T21:51:35.498416
273,12,8,0.0083,0.0083,0.0000,0.0002,0.0083,3.3975,0.1312,24.7000,0.0636,0.0000,546,2025-10-17T21:51:35.517298
274,12,9,0.0083,0.0083,0.0000,0.0002,0.0083,3.4142,0.1478,24.7000,0.0636,0.0000,548,2025-10-17T21:51:35.536258
275,12,10,0.0084,0.0084,0.0000,0.0002,0.0084,3.4309,0.1646,24.7000,0.0636,0.0000,550,2025-10-17T21:51:35.555325
276,12,11,0.0084,0.0084,0.0000,0.0002,0.0084,3.4477,0.1814,24.7000,0.0636,0.0000,552,2025-10-17T21:51:35.574515
277,12,12,0.0085,0.0085,0.0000,0.0002,0.0085,3.4646,0.1983,24.7000,0.0636,0.0000,554,2025-10-17T21:51:35.593419
278,12,13,0.0085,0.0085,0.0000,0.0002,0.0085,3.4816,0.2153,24.7000,0.0636,0.0000,556,2025-10-17T21:51:35.612411
279,12,14,0.0085,0.0085,0.0000,0.0002,0.0085,3.4986,0.2323,24.7000,0.0636,0.0000,558,2025-10-17T21:51:35.631402
280,12,15,0.0086,0.0086,0.0000,0.0002,0.0086,3.5158,0.2494,24.7000,0.0636,0.0000,560,2025-10-17T21:51:35.650262
281,12,16,0.0086,0.0086,0.0000,0.0002,0.0086,3.5330,0.2666,24.7000,0.0636,0.0000,562,2025-10-17T21:51:35.669254
282,12,17,0.0086,0.0086,0.0000,0.0002,0.0086,3.5502,0.2839,24.7000,0.0636,0.0000,564,2025-10-17T21:51:35.687901
283,12,18,0.0087,0.0087,0.0000,0.0002,0.0087,3.5676,0.3012,24.7000,0.0636,0.0000,566,2025-10-17T21:51:35.707042
284,12,19,0.0087,0.0087,0.0000,0.0002,0.0087,3.5849,0.3186,24.7000,0.0636,0.0000,568,2025-10-17T21:51:35.725786
285,12,20,0.0087,0.0087,0.0000,0.0002,0.0087,3.6023,0.3360,24.7000,0.0636,0.0000,570,2025-10-17T21:51:35.744918
286,12,21,0.0087,0.0087,0.0000,0.0002,0.0087,3.6198,0.3534,24.7000,0.0636,0.0000,572,2025-10-17T21:51:35.764679
287,12,22,0.0088,0.0088,0.0000,0.0002,0.0088,3.6373,0.3709,24.7000,0.0636,0.0000,574,2025-10-17T21:51:35.783485
288,12,23,0.0088,0.0088,0.0000,0.0002,0.0088,3.6548,0.3885,24.7000,0.0636,0.0000,576,2025-10-17T21:51:35.802924
289,13,0,0.0091,0.0091,0.0000,0.0001,0.0091,3.6729,0.0000,25.7000,0.1545,0.0000,578,2025-10-17T21:51:35.822649
290,13,1,0.0091,0.0091,0.0000,0.0001,0.0091,3.6910,0.0181,25.7000,0.1545,0.0000,580,2025-10-17T21:51:35.842055
291,13,2,0.0091,0.0091,0.0000,0.0001,0.0091,3.7092,0.0363,25.7000,0.1545,0.0000,582,2025-10-17T21:51:35.861214
292,13,3,0.0091,0.0091,0.0000,0.0001,0.0091,3.7274,0.0546,25.7000,0.1545,0.0000,584,2025-10-17T21:51:35.880818
293,13,4,0.0091,0.0091,0.0000,0.0001,0.0091,3.7457,0.0728,25.7000,0.1545,0.0000,586,2025-10-17T21:51:35.900252
294,13,5,0.0092,0.0092,0.0000,0.0001,0.0092,3.7640,0.0911,25.7000,0.1545,0.0000,588,2025-10-17T21:51:35.919980
295,13,6,0.0092,0.0092,0.0000,0.0001,0.0092,3.7824,0.1095,25.7000,0.1545,0.0000,590,2025-10-17T21:51:35.939159
296,13,7,0.0092,0.0092,0.0000,0.0001,0.0092,3.8008,0.1279,25.7000,0.1545,0.0000,592,2025-10-17T21:51:35.959059
297,13,8,0.0092,0.0092,0.0000,0.0001,0.0092,3.8192,0.1463,25.7000,0.1545,0.0000,594,2025-10-17T21:51:35.978648
298,13,9,0.0093,0.0093,0.0000,0.0001,0.0093,3.8377,0.1648,25.7000,0.1545,0.0000,596,2025-10-17T21:51:35.997803
299,13,10,0.0093,0.0093,0.0000,0.0001,0.0093,3.8562,0.1833,25.7000,0.1545,0.0000,598,2025-10-17T21:51:36.017143
300,13,11,0.0093,0.0093,0.0000,0.0001,0.0093,3.8748,0.2019,25.7000,0.1545,0.0000,600,2025-10-17T21:51:36.036731
301,13,12,0.0093,0.0093,0.0000,0.0001,0.0093,3.8934,0.2205,25.7000,0.1545,0.0000,602,2025-10-17T21:51:36.055841
302,13,13,0.0093,0.0093,0.0000,0.0001,0.0093,3.9120,0.2391,25.7000,0.1545,0.0000,604,2025-10-17T21:51:36.074709
303,13,14,0.0094,0.0094,0.0000,0.0001,0.0094,3.9307,0.2578,25.7000,0.1545,0.0000,606,2025-10-17T21:51:36.093940
304,13,15,0.0094,0.0094,0.0000,0.0001,0.0094,3.9494,0.2766,25.7000,0.1545,0.0000,608,2025-10-17T21:51:36.113488
305,13,16,0.0094,0.0094,0.0000,0.0001,0.0094,3.9682,0.2953,25.7000,0.1545,0.0000,610,2025-10-17T21:51:36.133405
306,13,17,0.0094,0.0094,0.0000,0.0001,0.0094,3.9870,0.3141,25.7000,0.1545,0.0000,612,2025-10-17T21:51:36.153166
307,13,18,0.0094,0.0094,0.0000,0.0001,0.0094,4.0059,0.3330,25.7000,0.1545,0.0000,614,2025-10-17T21:51:36.172988
308,13,19,0.0095,0.0095,0.0000,0.0001,0.0095,4.0248,0.3519,25.7000,0.1545,0.0000,616,2025-10-17T21:51:36.192876
309,13,20,0.0095,0.0095,0.0000,0.0001,0.0095,4.0437,0.3708,25.7000,0.1545,0.0000,618,2025-10-17T21:51:36.212507
310,13,21,0.0095,0.0095,0.0000,0.0001,0.0095,4.0627,0.3898,25.7000,0.1545,0.0000,620,2025-10-17T21:51:36.232269
311,13,22,0.0095,0.0095,0.0000,0.0001,0.0095,4.0817,0.4088,25.7000,0.1545,0.0000,622,2025-10-17T21:51:36.251538
312,13,23,0.0095,0.0095,0.0000,0.0001,0.0095,4.1007,0.4278,25.7000,0.1545,0.0000,624,2025-10-17T21:51:36.270777
313,14,0,0.0090,0.0090,0.0000,0.0002,0.0090,4.1188,0.0000,24.4000,0.0364,0.0000,626,2025-10-17T21:51:36.291479
314,14,1,0.0091,0.0091,0.0000,0.0002,0.0091,4.1369,0.0181,24.4000,0.0364,0.0000,628,2025-10-17T21:51:36.310697
315,14,2,0.0091,0.0091,0.0000,0.0002,0.0091,4.1550,0.0362,24.4000,0.0364,0.0000,630,2025-10-17T21:51:36.329986
316,14,3,0.0091,0.0091,0.0000,0.0002,0.0091,4.1732,0.0544,24.4000,0.0364,0.0000,632,2025-10-17T21:51:36.349703
317,14,4,0.0091,0.0091,0.0000,0.0002,0.0091,4.1914,0.0726,24.4000,0.0364,0.0000,634,2025-10-17T21:51:36.369271
318,14,5,0.0091,0.0091,0.0000,0.0002,0.0091,4.2096,0.0908,24.4000,0.0364,0.0000,636,2025-10-17T21:51:36.389261
319,14,6,0.0091,0.0091,0.0000,0.0002,0.0091,4.2279,0.1091,24.4000,0.0364,0.0000,638,2025-10-17T21:51:36.408774
320,14,7,0.0092,0.0092,0.0000,0.0002,0.0092,4.2462,0.1274,24.4000,0.0364,0.0000,640,2025-10-17T21:51:36.428214
321,14,8,0.0092,0.0092,0.0000,0.0002,0.0092,4.2645,0.1458,24.4000,0.0364,0.0000,642,2025-10-17T21:51:36.448512
322,14,9,0.0092,0.0092,0.0000,0.0002,0.0092,4.2829,0.1642,24.4000,0.0364,0.0000,644,2025-10-17T21:51:36.468138
323,14,10,0.0092,0.0092,0.0000,0.0002,0.0092,4.3014,0.1826,24.4000,0.0364,0.0000,646,2025-10-17T21:51:36.487485
324,14,11,0.0092,0.0092,0.0000,0.0002,0.0092,4.3198,0.2011,24.4000,0.0364,0.0000,648,2025-10-17T21:51:36.506685
325,14,12,0.0093,0.0093,0.0000,0.0002,0.0093,4.3383,0.2196,24.4000,0.0364,0.0000,650,2025-10-17T21:51:36.526235
326,14,13,0.0093,0.0093,0.0000,0.0002,0.0093,4.3569,0.2381,24.4000,0.0364,0.0000,652,2025-10-17T21:51:36.546025
327,14,14,0.0093,0.0093,0.0000,0.0002,0.0093,4.3754,0.2567,24.4000,0.0364,0.0000,654,2025-10-17T21:51:36.566083
328,14,15,0.0093,0.0093,0.0000,0.0002,0.0093,4.3940,0.2753,24.4000,0.0364,0.0000,656,2025-10-17T21:51:36.585822
329,14,16,0.0093,0.0093,0.0000,0.0002,0.0093,4.4127,0.2939,24.4000,0.0364,0.0000,658,2025-10-17T21:51:36.605025
330,14,17,0.0094,0.0094,0.0000,0.0002,0.0094,4.4314,0.3126,24.4000,0.0364,0.0000,660,2025-10-17T21:51:36.625423
331,14,18,0.0094,0.0094,0.0000,0.0002,0.0094,4.4501,0.3314,24.4000,0.0364,0.0000,662,2025-10-17T21:51:36.646009
332,14,19,0.0094,0.0094,0.0000,0.0002,0.0094,4.4690,0.3502,24.4000,0.0364,0.0000,664,2025-10-17T21:51:36.666066
333,14,20,0.0095,0.0095,0.0000,0.0002,0.0095,4.4879,0.3692,24.4000,0.0364,0.0000,666,2025-10-17T21:51:36.685522
334,14,21,0.0095,0.0095,0.0000,0.0002,0.0095,4.5069,0.3882,24.4000,0.0364,0.0000,668,2025-10-17T21:51:36.705111
335,14,22,0.0096,0.0096,0.0000,0.0002,0.0096,4.5260,0.4073,24.4000,0.0364,0.0000,670,2025-10-17T21:51:36.724667
336,14,23,0.0096,0.0096,0.0000,0.0002,0.0096,4.5452,0.4264,24.4000,0.0364,0.0000,672,2025-10-17T21:51:36.744132
337,15,0,0.0101,0.0101,0.0000,0.0001,0.0101,4.5654,0.0000,25.6000,0.1455,0.0000,674,2025-10-17T21:51:36.764331
338,15,1,0.0102,0.0102,0.0000,0.0001,0.0102,4.5857,0.0203,25.6000,0.1455,0.0000,676,2025-10-17T21:51:36.784543
339,15,2,0.0102,0.0102,0.0000,0.0001,0.0102,4.6060,0.0406,25.6000,0.1455,0.0000,678,2025-10-17T21:51:36.804233
340,15,3,0.0102,0.0102,0.0000,0.0001,0.0102,4.6264,0.0610,25.6000,0.1455,0.0000,680,2025-10-17T21:51:36.823749
341,15,4,0.0102,0.0102,0.0000,0.0001,0.0102,4.6468,0.0814,25.6000,0.1455,0.0000,682,2025-10-17T21:51:36.843185
342,15,5,0.0103,0.0103,0.0000,0.0001,0.0103,4.6673,0.1019,25.6000,0.1455,0.0000,684,2025-10-17T21:51:36.863766
343,15,6,0.0103,0.0103,0.0000,0.0001,0.0103,4.6879,0.1225,25.6000,0.1455,0.0000,686,2025-10-17T21:51:36.884154
344,15,7,0.0103,0.0103,0.0000,0.0001,0.0103,4.7084,0.1431,25.6000,0.1455,0.0000,688,2025-10-17T21:51:36.904149
345,15,8,0.0103,0.0103,0.0000,0.0001,0.0103,4.7291,0.1637,25.6000,0.1455,0.0000,690,2025-10-17T21:51:36.924173
346,15,9,0.0103,0.0103,0.0000,0.0001,0.0103,4.7497,0.1844,25.6000,0.1455,0.0000,692,2025-10-17T21:51:36.944958
347,15,10,0.0104,0.0104,0.0000,0.0001,0.0104,4.7704,0.2051,25.6000,0.1455,0.0000,694,2025-10-17T21:51:36.965255
348,15,11,0.0104,0.0104,0.0000,0.0001,0.0104,4.7912,0.2258,25.6000,0.1455,0.0000,696,2025-10-17T21:51:36.984790
349,15,12,0.0104,0.0104,0.0000,0.0001,0.0104,4.8120,0.2466,25.6000,0.1455,0.0000,698,2025-10-17T21:51:37.004159
350,15,13,0.0104,0.0104,0.0000,0.0001,0.0104,4.8328,0.2675,25.6000,0.1455,0.0000,700,2025-10-17T21:51:37.023083
351,15,14,0.0105,0.0105,0.0000,0.0001,0.0105,4.8537,0.2883,25.6000,0.1455,0.0000,702,2025-10-17T21:51:37.042113
352,15,15,0.0105,0.0105,0.0000,0.0001,0.0105,4.8747,0.3093,25.6000,0.1455,0.0000,704,2025-10-17T21:51:37.061142
353,15,16,0.0105,0.0105,0.0000,0.0001,0.0105,4.8956,0.3303,25.6000,0.1455,0.0000,706,2025-10-17T21:51:37.080275
354,15,17,0.0105,0.0105,0.0000,0.0001,0.0105,4.9166,0.3513,25.6000,0.1455,0.0000,708,2025-10-17T21:51:37.099839
355,15,18,0.0105,0.0105,0.0000,0.0001,0.0105,4.9377,0.3723,25.6000,0.1455,0.0000,710,2025-10-17T21:51:37.118715
356,15,19,0.0106,0.0106,0.0000,0.0001,0.0106,4.9588,0.3934,25.6000,0.1455,0.0000,712,2025-10-17T21:51:37.138376
357,15,20,0.0106,0.0106,0.0000,0.0001,0.0106,4.9800,0.4146,25.6000,0.1455,0.0000,714,2025-10-17T21:51:37.157855
358,15,21,0.0106,0.0106,0.0000,0.0001,0.0106,5.0011,0.4358,25.6000,0.1455,0.0000,716,2025-10-17T21:51:37.177007
359,15,22,0.0106,0.0106,0.0000,0.0001,0.0106,5.0224,0.4570,25.6000,0.1455,0.0000,718,2025-10-17T21:51:37.196077
360,15,23,0.0106,0.0106,0.0000,0.0001,0.0106,5.0436,0.4783,25.6000,0.1455,0.0000,720,2025-10-17T21:51:37.215269
361,16,0,0.0112,0.0112,0.0000,0.0001,0.0112,5.0661,0.0000,23.2000,0.0000,0.0000,722,2025-10-17T21:51:37.235053
362,16,1,0.0112,0.0112,0.0000,0.0001,0.0112,5.0885,0.0225,23.2000,0.0000,0.0000,724,2025-10-17T21:51:37.253676
363,16,2,0.0113,0.0113,0.0000,0.0001,0.0113,5.1110,0.0450,23.2000,0.0000,0.0000,726,2025-10-17T21:51:37.273228
364,16,3,0.0113,0.0113,0.0000,0.0001,0.0113,5.1336,0.0675,23.2000,0.0000,0.0000,728,2025-10-17T21:51:37.292973
365,16,4,0.0113,0.0113,0.0000,0.0001,0.0113,5.1562,0.0901,23.2000,0.0000,0.0000,730,2025-10-17T21:51:37.312689
366,16,5,0.0113,0.0113,0.0000,0.0001,0.0113,5.1788,0.1127,23.2000,0.0000,0.0000,732,2025-10-17T21:51:37.331958
367,16,6,0.0114,0.0114,0.0000,0.0001,0.0114,5.2015,0.1354,23.2000,0.0000,0.0000,734,2025-10-17T21:51:37.351355
368,16,7,0.0114,0.0114,0.0000,0.0001,0.0114,5.2242,0.1582,23.2000,0.0000,0.0000,736,2025-10-17T21:51:37.371589
369,16,8,0.0114,0.0114,0.0000,0.0001,0.0114,5.2470,0.1809,23.2000,0.0000,0.0000,738,2025-10-17T21:51:37.391419
370,16,9,0.0114,0.0114,0.0000,0.0001,0.0114,5.2698,0.2037,23.2000,0.0000,0.0000,740,2025-10-17T21:51:37.410750
371,16,10,0.0114,0.0114,0.0000,0.0001,0.0114,5.2927,0.2266,23.2000,0.0000,0.0000,742,2025-10-17T21:51:37.430864
372,16,11,0.0115,0.0115,0.0000,0.0001,0.0115,5.3156,0.2495,23.2000,0.0000,0.0000,744,2025-10-17T21:51:37.451098
373,16,12,0.0115,0.0115,0.0000,0.0001,0.0115,5.3385,0.2724,23.2000,0.0000,0.0000,746,2025-10-17T21:51:37.471384
374,16,13,0.0115,0.0115,0.0000,0.0001,0.0115,5.3615,0.2954,23.2000,0.0000,0.0000,748,2025-10-17T21:51:37.492195
375,16,14,0.0115,0.0115,0.0000,0.0001,0.0115,5.3845,0.3185,23.2000,0.0000,0.0000,750,2025-10-17T21:51:37.511540
376,16,15,0.0115,0.0115,0.0000,0.0001,0.0115,5.4076,0.3415,23.2000,0.0000,0.0000,752,2025-10-17T21:51:37.531115
377,16,16,0.0116,0.0116,0.0000,0.0001,0.0116,5.4307,0.3646,23.2000,0.0000,0.0000,754,2025-10-17T21:51:37.550720
378,16,17,0.0116,0.0116,0.0000,0.0001,0.0116,5.4538,0.3878,23.2000,0.0000,0.0000,756,2025-10-17T21:51:37.570182
379,16,18,0.0116,0.0116,0.0000,0.0001,0.0116,5.4770,0.4110,23.2000,0.0000,0.0000,758,2025-10-17T21:51:37.589603
380,16,19,0.0116,0.0116,0.0000,0.0001,0.0116,5.5003,0.4342,23.2000,0.0000,0.0000,760,2025-10-17T21:51:37.609051
381,16,20,0.0116,0.0116,0.0000,0.0001,0.0116,5.5236,0.4575,23.2000,0.0000,0.0000,762,2025-10-17T21:51:37.628423
382,16,21,0.0117,0.0117,0.0000,0.0001,0.0117,5.5469,0.4808,23.2000,0.0000,0.0000,764,2025-10-17T21:51:37.647861
383,16,22,0.0117,0.0117,0.0000,0.0001,0.0117,5.5702,0.5042,23.2000,0.0000,0.0000,766,2025-10-17T21:51:37.667308
384,16,23,0.0117,0.0117,0.0000,0.0001,0.0117,5.5936,0.5276,23.2000,0.0000,0.0000,768,2025-10-17T21:51:37.686810
385,17,0,0.0113,0.0113,0.0000,0.0001,0.0113,5.6161,0.0000,24.6000,0.0545,0.0000,770,2025-10-17T21:51:37.706649
386,17,1,0.0113,0.0113,0.0000,0.0001,0.0113,5.6386,0.0225,24.6000,0.0545,0.0000,772,2025-10-17T21:51:37.725783
387,17,2,0.0113,0.0113,0.0000,0.0001,0.0113,5.6612,0.0451,24.6000,0.0545,0.0000,774,2025-10-17T21:51:37.745221
388,17,3,0.0113,0.0113,0.0000,0.0001,0.0113,5.6838,0.0677,24.6000,0.0545,0.0000,776,2025-10-17T21:51:37.764405
389,17,4,0.0114,0.0114,0.0000,0.0001,0.0114,5.7065,0.0904,24.6000,0.0545,0.0000,778,2025-10-17T21:51:37.783718
390,17,5,0.0114,0.0114,0.0000,0.0001,0.0114,5.7292,0.1131,24.6000,0.0545,0.0000,780,2025-10-17T21:51:37.803030
391,17,6,0.0114,0.0114,0.0000,0.0001,0.0114,5.7520,0.1359,24.6000,0.0545,0.0000,782,2025-10-17T21:51:37.822152
392,17,7,0.0115,0.0115,0.0000,0.0001,0.0115,5.7749,0.1588,24.6000,0.0545,0.0000,784,2025-10-17T21:51:37.842356
393,17,8,0.0115,0.0115,0.0000,0.0001,0.0115,5.7980,0.1818,24.6000,0.0545,0.0000,786,2025-10-17T21:51:37.861803
394,17,9,0.0116,0.0116,0.0000,0.0001,0.0116,5.8210,0.2049,24.6000,0.0545,0.0000,788,2025-10-17T21:51:37.881245
395,17,10,0.0116,0.0116,0.0000,0.0001,0.0116,5.8442,0.2281,24.6000,0.0545,0.0000,790,2025-10-17T21:51:37.900534
396,17,11,0.0116,0.0116,0.0000,0.0001,0.0116,5.8675,0.2514,24.6000,0.0545,0.0000,792,2025-10-17T21:51:37.919621
397,17,12,0.0117,0.0117,0.0000,0.0001,0.0117,5.8908,0.2747,24.6000,0.0545,0.0000,794,2025-10-17T21:51:37.939356
398,17,13,0.0117,0.0117,0.0000,0.0001,0.0117,5.9142,0.2981,24.6000,0.0545,0.0000,796,2025-10-17T21:51:37.958898
399,17,14,0.0117,0.0117,0.0000,0.0001,0.0117,5.9377,0.3216,24.6000,0.0545,0.0000,798,2025-10-17T21:51:37.979227
400,17,15,0.0118,0.0118,0.0000,0.0001,0.0118,5.9612,0.3451,24.6000,0.0545,0.0000,800,2025-10-17T21:51:37.998765
401,17,16,0.0118,0.0118,0.0000,0.0001,0.0118,5.9848,0.3687,24.6000,0.0545,0.0000,802,2025-10-17T21:51:38.018951
402,17,17,0.0118,0.0118,0.0000,0.0001,0.0118,6.0084,0.3923,24.6000,0.0545,0.0000,804,2025-10-17T21:51:38.038327
403,17,18,0.0118,0.0118,0.0000,0.0001,0.0118,6.0320,0.4159,24.6000,0.0545,0.0000,806,2025-10-17T21:51:38.057724
404,17,19,0.0119,0.0119,0.0000,0.0001,0.0119,6.0557,0.4396,24.6000,0.0545,0.0000,808,2025-10-17T21:51:38.077110
405,17,20,0.0119,0.0119,0.0000,0.0001,0.0119,6.0795,0.4633,24.6000,0.0545,0.0000,810,2025-10-17T21:51:38.096703
406,17,21,0.0119,0.0119,0.0000,0.0001,0.0119,6.1032,0.4871,24.6000,0.0545,0.0000,812,2025-10-17T21:51:38.116170
407,17,22,0.0119,0.0119,0.0000,0.0001,0.0119,6.1271,0.5110,24.6000,0.0545,0.0000,814,2025-10-17T21:51:38.135560
408,17,23,0.0120,0.0120,0.0000,0.0001,0.0120,6.1510,0.5348,24.6000,0.0545,0.0000,816,2025-10-17T21:51:38.154815
409,18,0,0.0119,0.0119,0.0000,0.0001,0.0119,6.1747,0.0000,25.2000,0.1091,0.0000,818,2025-10-17T21:51:38.175515
410,18,1,0.0119,0.0119,0.0000,0.0001,0.0119,6.1986,0.0238,25.2000,0.1091,0.0000,820,2025-10-17T21:51:38.195019
411,18,2,0.0119,0.0119,0.0000,0.0001,0.0119,6.2224,0.0477,25.2000,0.1091,0.0000,822,2025-10-17T21:51:38.214033
412,18,3,0.0120,0.0120,0.0000,0.0001,0.0120,6.2464,0.0716,25.2000,0.1091,0.0000,824,2025-10-17T21:51:38.233080
413,18,4,0.0120,0.0120,0.0000,0.0001,0.0120,6.2703,0.0956,25.2000,0.1091,0.0000,826,2025-10-17T21:51:38.251833
414,18,5,0.0120,0.0120,0.0000,0.0001,0.0120,6.2943,0.1196,25.2000,0.1091,0.0000,828,2025-10-17T21:51:38.271305
415,18,6,0.0120,0.0120,0.0000,0.0001,0.0120,6.3184,0.1436,25.2000,0.1091,0.0000,830,2025-10-17T21:51:38.291119
416,18,7,0.0121,0.0121,0.0000,0.0001,0.0121,6.3424,0.1677,25.2000,0.1091,0.0000,832,2025-10-17T21:51:38.310717
417,18,8,0.0121,0.0121,0.0000,0.0001,0.0121,6.3666,0.1918,25.2000,0.1091,0.0000,834,2025-10-17T21:51:38.330406
418,18,9,0.0121,0.0121,0.0000,0.0001,0.0121,6.3907,0.2160,25.2000,0.1091,0.0000,836,2025-10-17T21:51:38.350080
419,18,10,0.0121,0.0121,0.0000,0.0001,0.0121,6.4149,0.2402,25.2000,0.1091,0.0000,838,2025-10-17T21:51:38.369290
420,18,11,0.0121,0.0121,0.0000,0.0001,0.0121,6.4392,0.2644,25.2000,0.1091,0.0000,840,2025-10-17T21:51:38.388705
421,18,12,0.0122,0.0122,0.0000,0.0001,0.0122,6.4634,0.2887,25.2000,0.1091,0.0000,842,2025-10-17T21:51:38.408294
422,18,13,0.0122,0.0122,0.0000,0.0001,0.0122,6.4878,0.3130,25.2000,0.1091,0.0000,844,2025-10-17T21:51:38.427821
423,18,14,0.0122,0.0122,0.0000,0.0001,0.0122,6.5121,0.3374,25.2000,0.1091,0.0000,846,2025-10-17T21:51:38.447500
424,18,15,0.0122,0.0122,0.0000,0.0001,0.0122,6.5365,0.3618,25.2000,0.1091,0.0000,848,2025-10-17T21:51:38.467094
425,18,16,0.0122,0.0122,0.0000,0.0001,0.0122,6.5610,0.3862,25.2000,0.1091,0.0000,850,2025-10-17T21:51:38.486634
426,18,17,0.0122,0.0122,0.0000,0.0001,0.0122,6.5854,0.4107,25.2000,0.1091,0.0000,852,2025-10-17T21:51:38.506324
427,18,18,0.0123,0.0123,0.0000,0.0001,0.0123,6.6100,0.4352,25.2000,0.1091,0.0000,854,2025-10-17T21:51:38.526627
428,18,19,0.0123,0.0123,0.0000,0.0001,0.0123,6.6345,0.4598,25.2000,0.1091,0.0000,856,2025-10-17T21:51:38.546921
429,18,20,0.0123,0.0123,0.0000,0.0001,0.0123,6.6591,0.4844,25.2000,0.1091,0.0000,858,2025-10-17T21:51:38.567451
430,18,21,0.0123,0.0123,0.0000,0.0001,0.0123,6.6837,0.5090,25.2000,0.1091,0.0000,860,2025-10-17T21:51:38.586855
431,18,22,0.0123,0.0123,0.0000,0.0001,0.0123,6.7084,0.5337,25.2000,0.1091,0.0000,862,2025-10-17T21:51:38.605914
432,18,23,0.0124,0.0124,0.0000,0.0001,0.0124,6.7331,0.5584,25.2000,0.1091,0.0000,864,2025-10-17T21:51:38.625610
433,19,0,0.0127,0.0127,0.0000,0.0001,0.0127,6.7585,0.0000,24.0000,0.0000,0.0000,866,2025-10-17T21:51:38.646068
434,19,1,0.0127,0.0127,0.0000,0.0001,0.0127,6.7838,0.0254,24.0000,0.0000,0.0000,868,2025-10-17T21:51:38.665651
435,19,2,0.0127,0.0127,0.0000,0.0001,0.0127,6.8092,0.0508,24.0000,0.0000,0.0000,870,2025-10-17T21:51:38.685117
436,19,3,0.0127,0.0127,0.0000,0.0001,0.0127,6.8347,0.0762,24.0000,0.0000,0.0000,872,2025-10-17T21:51:38.705280
437,19,4,0.0128,0.0128,0.0000,0.0001,0.0128,6.8602,0.1017,24.0000,0.0000,0.0000,874,2025-10-17T21:51:38.725399
438,19,5,0.0128,0.0128,0.0000,0.0001,0.0128,6.8857,0.1272,24.0000,0.0000,0.0000,876,2025-10-17T21:51:38.745542
439,19,6,0.0128,0.0128,0.0000,0.0001,0.0128,6.9113,0.1528,24.0000,0.0000,0.0000,878,2025-10-17T21:51:38.765597
440,19,7,0.0128,0.0128,0.0000,0.0001,0.0128,6.9369,0.1784,24.0000,0.0000,0.0000,880,2025-10-17T21:51:38.785273
441,19,8,0.0128,0.0128,0.0000,0.0001,0.0128,6.9625,0.2041,24.0000,0.0000,0.0000,882,2025-10-17T21:51:38.804975
442,19,9,0.0129,0.0129,0.0000,0.0001,0.0129,6.9882,0.2297,24.0000,0.0000,0.0000,884,2025-10-17T21:51:38.824366
443,19,10,0.0129,0.0129,0.0000,0.0001,0.0129,7.0139,0.2555,24.0000,0.0000,0.0000,886,2025-10-17T21:51:38.843744
444,19,11,0.0129,0.0129,0.0000,0.0001,0.0129,7.0398,0.2813,24.0000,0.0000,0.0000,888,2025-10-17T21:51:38.863106
445,19,12,0.0130,0.0130,0.0000,0.0001,0.0130,7.0657,0.3073,24.0000,0.0000,0.0000,890,2025-10-17T21:51:38.883035
446,19,13,0.0130,0.0130,0.0000,0.0001,0.0130,7.0917,0.3333,24.0000,0.0000,0.0000,892,2025-10-17T21:51:38.902809
447,19,14,0.0131,0.0131,0.0000,0.0001,0.0131,7.1178,0.3594,24.0000,0.0000,0.0000,894,2025-10-17T21:51:38.922787
448,19,15,0.0131,0.0131,0.0000,0.0001,0.0131,7.1440,0.3855,24.0000,0.0000,0.0000,896,2025-10-17T21:51:38.943003
449,19,16,0.0132,0.0132,0.0000,0.0001,0.0132,7.1703,0.4118,24.0000,0.0000,0.0000,898,2025-10-17T21:51:38.963104
450,19,17,0.0132,0.0132,0.0000,0.0001,0.0132,7.1966,0.4382,24.0000,0.0000,0.0000,900,2025-10-17T21:51:38.983301
451,19,18,0.0132,0.0132,0.0000,0.0001,0.0132,7.2231,0.4646,24.0000,0.0000,0.0000,902,2025-10-17T21:51:39.003249
452,19,19,0.0133,0.0133,0.0000,0.0001,0.0133,7.2496,0.4911,24.0000,0.0000,0.0000,904,2025-10-17T21:51:39.023196
453,19,20,0.0133,0.0133,0.0000,0.0001,0.0133,7.2762,0.5177,24.0000,0.0000,0.0000,906,2025-10-17T21:51:39.043018
454,19,21,0.0134,0.0134,0.0000,0.0001,0.0134,7.3029,0.5444,24.0000,0.0000,0.0000,908,2025-10-17T21:51:39.062786
455,19,22,0.0134,0.0134,0.0000,0.0001,0.0134,7.3296,0.5712,24.0000,0.0000,0.0000,910,2025-10-17T21:51:39.082714
456,19,23,0.0134,0.0134,0.0000,0.0001,0.0134,7.3565,0.5980,24.0000,0.0000,0.0000,912,2025-10-17T21:51:39.102119
457,20,0,0.0133,0.0133,0.0000,0.0001,0.0133,7.3830,0.0000,24.0000,0.0000,0.0000,914,2025-10-17T21:51:39.122251
458,20,1,0.0133,0.0133,0.0000,0.0001,0.0133,7.4095,0.0266,24.0000,0.0000,0.0000,916,2025-10-17T21:51:39.142465
459,20,2,0.0133,0.0133,0.0000,0.0001,0.0133,7.4361,0.0532,24.0000,0.0000,0.0000,918,2025-10-17T21:51:39.162773
460,20,3,0.0133,0.0133,0.0000,0.0001,0.0133,7.4628,0.0798,24.0000,0.0000,0.0000,920,2025-10-17T21:51:39.182671
461,20,4,0.0134,0.0134,0.0000,0.0001,0.0134,7.4895,0.1065,24.0000,0.0000,0.0000,922,2025-10-17T21:51:39.202180
462,20,5,0.0134,0.0134,0.0000,0.0001,0.0134,7.5162,0.1333,24.0000,0.0000,0.0000,924,2025-10-17T21:51:39.221552
463,20,6,0.0134,0.0134,0.0000,0.0001,0.0134,7.5430,0.1600,24.0000,0.0000,0.0000,926,2025-10-17T21:51:39.243198
464,20,7,0.0134,0.0134,0.0000,0.0001,0.0134,7.5698,0.1869,24.0000,0.0000,0.0000,928,2025-10-17T21:51:39.262463
465,20,8,0.0134,0.0134,0.0000,0.0001,0.0134,7.5967,0.2137,24.0000,0.0000,0.0000,930,2025-10-17T21:51:39.281934
466,20,9,0.0135,0.0135,0.0000,0.0001,0.0135,7.6236,0.2406,24.0000,0.0000,0.0000,932,2025-10-17T21:51:39.301854
467,20,10,0.0135,0.0135,0.0000,0.0001,0.0135,7.6506,0.2676,24.0000,0.0000,0.0000,934,2025-10-17T21:51:39.321159
468,20,11,0.0135,0.0135,0.0000,0.0001,0.0135,7.6776,0.2946,24.0000,0.0000,0.0000,936,2025-10-17T21:51:39.340660
469,20,12,0.0135,0.0135,0.0000,0.0001,0.0135,7.7046,0.3217,24.0000,0.0000,0.0000,938,2025-10-17T21:51:39.360141
470,20,13,0.0136,0.0136,0.0000,0.0001,0.0136,7.7317,0.3487,24.0000,0.0000,0.0000,940,2025-10-17T21:51:39.379480
471,20,14,0.0136,0.0136,0.0000,0.0001,0.0136,7.7588,0.3759,24.0000,0.0000,0.0000,942,2025-10-17T21:51:39.399461
472,20,15,0.0136,0.0136,0.0000,0.0001,0.0136,7.7860,0.4030,24.0000,0.0000,0.0000,944,2025-10-17T21:51:39.419085
473,20,16,0.0136,0.0136,0.0000,0.0001,0.0136,7.8132,0.4302,24.0000,0.0000,0.0000,946,2025-10-17T21:51:39.438322
474,20,17,0.0136,0.0136,0.0000,0.0001,0.0136,7.8404,0.4575,24.0000,0.0000,0.0000,948,2025-10-17T21:51:39.458359
475,20,18,0.0137,0.0137,0.0000,0.0001,0.0137,7.8677,0.4847,24.0000,0.0000,0.0000,950,2025-10-17T21:51:39.478512
476,20,19,0.0137,0.0137,0.0000,0.0001,0.0137,7.8951,0.5121,24.0000,0.0000,0.0000,952,2025-10-17T21:51:39.498548
477,20,20,0.0137,0.0137,0.0000,0.0001,0.0137,7.9224,0.5395,24.0000,0.0000,0.0000,954,2025-10-17T21:51:39.518197
478,20,21,0.0137,0.0137,0.0000,0.0001,0.0137,7.9498,0.5669,24.0000,0.0000,0.0000,956,2025-10-17T21:51:39.538147
479,20,22,0.0137,0.0137,0.0000,0.0001,0.0137,7.9773,0.5943,24.0000,0.0000,0.0000,958,2025-10-17T21:51:39.558157
480,20,23,0.0138,0.0138,0.0000,0.0001,0.0138,8.0048,0.6218,24.0000,0.0000,0.0000,960,2025-10-17T21:51:39.577173
481,21,0,0.0141,0.0141,0.0000,0.0001,0.0141,8.0329,0.0000,23.2000,0.0000,0.0000,962,2025-10-17T21:51:39.597306
482,21,1,0.0141,0.0141,0.0000,0.0001,0.0141,8.0610,0.0281,23.2000,0.0000,0.0000,964,2025-10-17T21:51:39.616802
483,21,2,0.0141,0.0141,0.0000,0.0001,0.0141,8.0892,0.0563,23.2000,0.0000,0.0000,966,2025-10-17T21:51:39.636128
484,21,3,0.0141,0.0141,0.0000,0.0001,0.0141,8.1174,0.0845,23.2000,0.0000,0.0000,968,2025-10-17T21:51:39.655407
485,21,4,0.0141,0.0141,0.0000,0.0001,0.0141,8.1456,0.1127,23.2000,0.0000,0.0000,970,2025-10-17T21:51:39.674961
486,21,5,0.0142,0.0142,0.0000,0.0001,0.0142,8.1739,0.1410,23.2000,0.0000,0.0000,972,2025-10-17T21:51:39.694172
487,21,6,0.0142,0.0142,0.0000,0.0001,0.0142,8.2022,0.1693,23.2000,0.0000,0.0000,974,2025-10-17T21:51:39.713570
488,21,7,0.0142,0.0142,0.0000,0.0001,0.0142,8.2306,0.1977,23.2000,0.0000,0.0000,976,2025-10-17T21:51:39.733667
489,21,8,0.0142,0.0142,0.0000,0.0001,0.0142,8.2590,0.2261,23.2000,0.0000,0.0000,978,2025-10-17T21:51:39.753839
490,21,9,0.0142,0.0142,0.0000,0.0001,0.0142,8.2874,0.2545,23.2000,0.0000,0.0000,980,2025-10-17T21:51:39.773980
491,21,10,0.0142,0.0142,0.0000,0.0001,0.0142,8.3159,0.2830,23.2000,0.0000,0.0000,982,2025-10-17T21:51:39.793766
492,21,11,0.0143,0.0143,0.0000,0.0001,0.0143,8.3444,0.3115,23.2000,0.0000,0.0000,984,2025-10-17T21:51:39.813173
493,21,12,0.0143,0.0143,0.0000,0.0001,0.0143,8.3729,0.3400,23.2000,0.0000,0.0000,986,2025-10-17T21:51:39.832966
494,21,13,0.0143,0.0143,0.0000,0.0001,0.0143,8.4015,0.3686,23.2000,0.0000,0.0000,988,2025-10-17T21:51:39.853084
495,21,14,0.0143,0.0143,0.0000,0.0001,0.0143,8.4301,0.3973,23.2000,0.0000,0.0000,990,2025-10-17T21:51:39.872687
496,21,15,0.0144,0.0144,0.0000,0.0001,0.0144,8.4588,0.4260,23.2000,0.0000,0.0000,992,2025-10-17T21:51:39.892381
497,21,16,0.0144,0.0144,0.0000,0.0001,0.0144,8.4876,0.4547,23.2000,0.0000,0.0000,994,2025-10-17T21:51:39.911973
498,21,17,0.0145,0.0145,0.0000,0.0001,0.0145,8.5165,0.4836,23.2000,0.0000,0.0000,996,2025-10-17T21:51:39.932417
499,21,18,0.0145,0.0145,0.0000,0.0001,0.0145,8.5454,0.5126,23.2000,0.0000,0.0000,998,2025-10-17T21:51:39.952007
500,21,19,0.0145,0.0145,0.0000,0.0001,0.0145,8.5745,0.5416,23.2000,0.0000,0.0000,1000,2025-10-17T21:51:39.971650
501,21,20,0.0146,0.0146,0.0000,0.0001,0.0146,8.6036,0.5707,23.2000,0.0000,0.0000,1002,2025-10-17T21:51:39.991159
502,21,21,0.0146,0.0146,0.0000,0.0001,0.0146,8.6327,0.5999,23.2000,0.0000,0.0000,1004,2025-10-17T21:51:40.011155
503,21,22,0.0147,0.0147,0.0000,0.0001,0.0147,8.6620,0.6291,23.2000,0.0000,0.0000,1006,2025-10-17T21:51:40.029967
504,21,23,0.0147,0.0147,0.0000,0.0001,0.0147,8.6914,0.6585,23.2000,0.0000,0.0000,1008,2025-10-17T21:51:40.048984
505,22,0,0.0139,0.0139,0.0000,0.0002,0.0139,8.7192,0.0000,24.7000,0.0636,0.0000,1010,2025-10-17T21:51:40.068450
506,22,1,0.0140,0.0140,0.0000,0.0002,0.0140,8.7471,0.0279,24.7000,0.0636,0.0000,1012,2025-10-17T21:51:40.087498
507,22,2,0.0140,0.0140,0.0000,0.0002,0.0140,8.7750,0.0558,24.7000,0.0636,0.0000,1014,2025-10-17T21:51:40.106620
508,22,3,0.0140,0.0140,0.0000,0.0002,0.0140,8.8030,0.0839,24.7000,0.0636,0.0000,1016,2025-10-17T21:51:40.125675
509,22,4,0.0140,0.0140,0.0000,0.0002,0.0140,8.8311,0.1119,24.7000,0.0636,0.0000,1018,2025-10-17T21:51:40.144398
510,22,5,0.0141,0.0141,0.0000,0.0002,0.0141,8.8592,0.1400,24.7000,0.0636,0.0000,1020,2025-10-17T21:51:40.163622
511,22,6,0.0141,0.0141,0.0000,0.0002,0.0141,8.8874,0.1682,24.7000,0.0636,0.0000,1022,2025-10-17T21:51:40.182501
512,22,7,0.0141,0.0141,0.0000,0.0002,0.0141,8.9155,0.1964,24.7000,0.0636,0.0000,1024,2025-10-17T21:51:40.201381
513,22,8,0.0141,0.0141,0.0000,0.0002,0.0141,8.9438,0.2246,24.7000,0.0636,0.0000,1026,2025-10-17T21:51:40.220281
514,22,9,0.0141,0.0141,0.0000,0.0002,0.0141,8.9720,0.2528,24.7000,0.0636,0.0000,1028,2025-10-17T21:51:40.239139
515,22,10,0.0142,0.0142,0.0000,0.0002,0.0142,9.0003,0.2811,24.7000,0.0636,0.0000,1030,2025-10-17T21:51:40.257773
516,22,11,0.0142,0.0142,0.0000,0.0002,0.0142,9.0287,0.3095,24.7000,0.0636,0.0000,1032,2025-10-17T21:51:40.276487
517,22,12,0.0142,0.0142,0.0000,0.0002,0.0142,9.0571,0.3379,24.7000,0.0636,0.0000,1034,2025-10-17T21:51:40.294997
518,22,13,0.0142,0.0142,0.0000,0.0002,0.0142,9.0855,0.3663,24.7000,0.0636,0.0000,1036,2025-10-17T21:51:40.313560
519,22,14,0.0142,0.0142,0.0000,0.0002,0.0142,9.1139,0.3947,24.7000,0.0636,0.0000,1038,2025-10-17T21:51:40.332327
520,22,15,0.0143,0.0143,0.0000,0.0002,0.0143,9.1424,0.4232,24.7000,0.0636,0.0000,1040,2025-10-17T21:51:40.350852
521,22,16,0.0143,0.0143,0.0000,0.0002,0.0143,9.1710,0.4518,24.7000,0.0636,0.0000,1042,2025-10-17T21:51:40.369544
522,22,17,0.0143,0.0143,0.0000,0.0002,0.0143,9.1995,0.4804,24.7000,0.0636,0.0000,1044,2025-10-17T21:51:40.388031
523,22,18,0.0143,0.0143,0.0000,0.0002,0.0143,9.2281,0.5090,24.7000,0.0636,0.0000,1046,2025-10-17T21:51:40.406725
524,22,19,0.0143,0.0143,0.0000,0.0002,0.0143,9.2568,0.5376,24.7000,0.0636,0.0000,1048,2025-10-17T21:51:40.425214
525,22,20,0.0144,0.0144,0.0000,0.0002,0.0144,9.2855,0.5663,24.7000,0.0636,0.0000,1050,2025-10-17T21:51:40.443676
526,22,21,0.0144,0.0144,0.0000,0.0002,0.0144,9.3142,0.5950,24.7000,0.0636,0.0000,1052,2025-10-17T21:51:40.461983
527,22,22,0.0144,0.0144,0.0000,0.0002,0.0144,9.3430,0.6238,24.7000,0.0636,0.0000,1054,2025-10-17T21:51:40.480577
528,22,23,0.0144,0.0144,0.0000,0.0002,0.0144,9.3718,0.6526,24.7000,0.0636,0.0000,1056,2025-10-17T21:51:40.499666
529,23,0,0.0149,0.0149,0.0000,0.0001,0.0149,9.4016,0.0000,23.6000,0.0000,0.0000,1058,2025-10-17T21:51:40.518309
530,23,1,0.0149,0.0149,0.0000,0.0001,0.0149,9.4315,0.0299,23.6000,0.0000,0.0000,1060,2025-10-17T21:51:40.536645
531,23,2,0.0150,0.0150,0.0000,0.0001,0.0150,9.4614,0.0598,23.6000,0.0000,0.0000,1062,2025-10-17T21:51:40.554954
532,23,3,0.0150,0.0150,0.0000,0.0001,0.0150,9.4914,0.0897,23.6000,0.0000,0.0000,1064,2025-10-17T21:51:40.573552
533,23,4,0.0150,0.0150,0.0000,0.0001,0.0150,9.5214,0.1198,23.6000,0.0000,0.0000,1066,2025-10-17T21:51:40.592081
534,23,5,0.0150,0.0150,0.0000,0.0001,0.0150,9.5514,0.1498,23.6000,0.0000,0.0000,1068,2025-10-17T21:51:40.611138
535,23,6,0.0151,0.0151,0.0000,0.0001,0.0151,9.5815,0.1799,23.6000,0.0000,0.0000,1070,2025-10-17T21:51:40.629937
536,23,7,0.0151,0.0151,0.0000,0.0001,0.0151,9.6116,0.2100,23.6000,0.0000,0.0000,1072,2025-10-17T21:51:40.648604
537,23,8,0.0151,0.0151,0.0000,0.0001,0.0151,9.6418,0.2402,23.6000,0.0000,0.0000,1074,2025-10-17T21:51:40.667212
538,23,9,0.0151,0.0151,0.0000,0.0001,0.0151,9.6720,0.2704,23.6000,0.0000,0.0000,1076,2025-10-17T21:51:40.685570
539,23,10,0.0151,0.0151,0.0000,0.0001,0.0151,9.7022,0.3006,23.6000,0.0000,0.0000,1078,2025-10-17T21:51:40.704498
540,23,11,0.0151,0.0151,0.0000,0.0001,0.0151,9.7325,0.3309,23.6000,0.0000,0.0000,1080,2025-10-17T21:51:40.723312
541,23,12,0.0152,0.0152,0.0000,0.0001,0.0152,9.7628,0.3612,23.6000,0.0000,0.0000,1082,2025-10-17T21:51:40.741996
542,23,13,0.0152,0.0152,0.0000,0.0001,0.0152,9.7931,0.3915,23.6000,0.0000,0.0000,1084,2025-10-17T21:51:40.760731
543,23,14,0.0152,0.0152,0.0000,0.0001,0.0152,9.8235,0.4219,23.6000,0.0000,0.0000,1086,2025-10-17T21:51:40.779961
544,23,15,0.0152,0.0152,0.0000,0.0001,0.0152,9.8539,0.4522,23.6000,0.0000,0.0000,1088,2025-10-17T21:51:40.798929
545,23,16,0.0152,0.0152,0.0000,0.0001,0.0152,9.8843,0.4827,23.6000,0.0000,0.0000,1090,2025-10-17T21:51:40.818366
546,23,17,0.0152,0.0152,0.0000,0.0001,0.0152,9.9148,0.5132,23.6000,0.0000,0.0000,1092,2025-10-17T21:51:40.837951
547,23,18,0.0152,0.0152,0.0000,0.0001,0.0152,9.9453,0.5437,23.6000,0.0000,0.0000,1094,2025-10-17T21:51:40.857774
548,23,19,0.0153,0.0153,0.0000,0.0001,0.0153,9.9758,0.5742,23.6000,0.0000,0.0000,1096,2025-10-17T21:51:40.877602
549,23,20,0.0153,0.0153,0.0000,0.0001,0.0153,10.0065,0.6049,23.6000,0.0000,0.0000,1098,2025-10-17T21:51:40.897099
550,23,21,0.0154,0.0154,0.0000,0.0001,0.0154,10.0372,0.6356,23.6000,0.0000,0.0000,1100,2025-10-17T21:51:40.916886
551,23,22,0.0154,0.0154,0.0000,0.0001,0.0154,10.0680,0.6664,23.6000,0.0000,0.0000,1102,2025-10-17T21:51:40.936624
552,23,23,0.0155,0.0155,0.0000,0.0001,0.0155,10.0989,0.6972,23.6000,0.0000,0.0000,1104,2025-10-17T21:51:40.956810
553,24,0,0.0155,0.0155,0.0000,0.0001,0.0155,10.1297,0.0000,23.6000,0.0000,0.0000,1106,2025-10-17T21:51:40.976360
554,24,1,0.0155,0.0155,0.0000,0.0001,0.0155,10.1607,0.0309,23.6000,0.0000,0.0000,1108,2025-10-17T21:51:40.995655
555,24,2,0.0155,0.0155,0.0000,0.0001,0.0155,10.1917,0.0620,23.6000,0.0000,0.0000,1110,2025-10-17T21:51:41.015242
556,24,3,0.0155,0.0155,0.0000,0.0001,0.0155,10.2228,0.0930,23.6000,0.0000,0.0000,1112,2025-10-17T21:51:41.034309
557,24,4,0.0156,0.0156,0.0000,0.0001,0.0156,10.2539,0.1242,23.6000,0.0000,0.0000,1114,2025-10-17T21:51:41.053281
558,24,5,0.0156,0.0156,0.0000,0.0001,0.0156,10.2852,0.1554,23.6000,0.0000,0.0000,1116,2025-10-17T21:51:41.072307
559,24,6,0.0157,0.0157,0.0000,0.0001,0.0157,10.3165,0.1867,23.6000,0.0000,0.0000,1118,2025-10-17T21:51:41.091612
560,24,7,0.0157,0.0157,0.0000,0.0001,0.0157,10.3479,0.2181,23.6000,0.0000,0.0000,1120,2025-10-17T21:51:41.110799
561,24,8,0.0157,0.0157,0.0000,0.0001,0.0157,10.3793,0.2496,23.6000,0.0000,0.0000,1122,2025-10-17T21:51:41.129828
562,24,9,0.0158,0.0158,0.0000,0.0001,0.0158,10.4108,0.2811,23.6000,0.0000,0.0000,1124,2025-10-17T21:51:41.149572
563,24,10,0.0158,0.0158,0.0000,0.0001,0.0158,10.4424,0.3126,23.6000,0.0000,0.0000,1126,2025-10-17T21:51:41.169415
564,24,11,0.0158,0.0158,0.0000,0.0001,0.0158,10.4740,0.3442,23.6000,0.0000,0.0000,1128,2025-10-17T21:51:41.188749
565,24,12,0.0158,0.0158,0.0000,0.0001,0.0158,10.5056,0.3759,23.6000,0.0000,0.0000,1130,2025-10-17T21:51:41.208168
566,24,13,0.0158,0.0158,0.0000,0.0001,0.0158,10.5373,0.4075,23.6000,0.0000,0.0000,1132,2025-10-17T21:51:41.227267
567,24,14,0.0159,0.0159,0.0000,0.0001,0.0159,10.5690,0.4392,23.6000,0.0000,0.0000,1134,2025-10-17T21:51:41.246225
568,24,15,0.0159,0.0159,0.0000,0.0001,0.0159,10.6007,0.4710,23.6000,0.0000,0.0000,1136,2025-10-17T21:51:41.265750
569,24,16,0.0159,0.0159,0.0000,0.0001,0.0159,10.6325,0.5028,23.6000,0.0000,0.0000,1138,2025-10-17T21:51:41.285599
570,24,17,0.0159,0.0159,0.0000,0.0001,0.0159,10.6643,0.5346,23.6000,0.0000,0.0000,1140,2025-10-17T21:51:41.305051
571,24,18,0.0159,0.0159,0.0000,0.0001,0.0159,10.6962,0.5664,23.6000,0.0000,0.0000,1142,2025-10-17T21:51:41.324453
572,24,19,0.0159,0.0159,0.0000,0.0001,0.0159,10.7281,0.5983,23.6000,0.0000,0.0000,1144,2025-10-17T21:51:41.343612
573,24,20,0.0160,0.0160,0.0000,0.0001,0.0160,10.7600,0.6303,23.6000,0.0000,0.0000,1146,2025-10-17T21:51:41.362621
574,24,21,0.0160,0.0160,0.0000,0.0001,0.0160,10.7920,0.6623,23.6000,0.0000,0.0000,1148,2025-10-17T21:51:41.381669
575,24,22,0.0160,0.0160,0.0000,0.0001,0.0160,10.8240,0.6943,23.6000,0.0000,0.0000,1150,2025-10-17T21:51:41.400475
576,24,23,0.0160,0.0160,0.0000,0.0001,0.0160,10.8561,0.7263,23.6000,0.0000,0.0000,1152,2025-10-17T21:51:41.419474
577,25,0,0.0159,0.0159,0.0000,0.0001,0.0159,10.8879,0.0000,24.2000,0.0182,0.0000,1154,2025-10-17T21:51:41.438827
578,25,1,0.0159,0.0159,0.0000,0.0001,0.0159,10.9198,0.0319,24.2000,0.0182,0.0000,1156,2025-10-17T21:51:41.457652
579,25,2,0.0160,0.0160,0.0000,0.0001,0.0160,10.9517,0.0638,24.2000,0.0182,0.0000,1158,2025-10-17T21:51:41.476284
580,25,3,0.0160,0.0160,0.0000,0.0001,0.0160,10.9837,0.0958,24.2000,0.0182,0.0000,1160,2025-10-17T21:51:41.495211
581,25,4,0.0160,0.0160,0.0000,0.0001,0.0160,11.0157,0.1277,24.2000,0.0182,0.0000,1162,2025-10-17T21:51:41.514250
582,25,5,0.0160,0.0160,0.0000,0.0001,0.0160,11.0477,0.1598,24.2000,0.0182,0.0000,1164,2025-10-17T21:51:41.533435
583,25,6,0.0160,0.0160,0.0000,0.0001,0.0160,11.0798,0.1919,24.2000,0.0182,0.0000,1166,2025-10-17T21:51:41.552420
584,25,7,0.0161,0.0161,0.0000,0.0001,0.0161,11.1119,0.2240,24.2000,0.0182,0.0000,1168,2025-10-17T21:51:41.571739
585,25,8,0.0161,0.0161,0.0000,0.0001,0.0161,11.1440,0.2561,24.2000,0.0182,0.0000,1170,2025-10-17T21:51:41.591300
586,25,9,0.0161,0.0161,0.0000,0.0001,0.0161,11.1762,0.2883,24.2000,0.0182,0.0000,1172,2025-10-17T21:51:41.611091
587,25,10,0.0161,0.0161,0.0000,0.0001,0.0161,11.2084,0.3205,24.2000,0.0182,0.0000,1174,2025-10-17T21:51:41.631722
588,25,11,0.0161,0.0161,0.0000,0.0001,0.0161,11.2407,0.3528,24.2000,0.0182,0.0000,1176,2025-10-17T21:51:41.650997
589,25,12,0.0162,0.0162,0.0000,0.0001,0.0162,11.2730,0.3851,24.2000,0.0182,0.0000,1178,2025-10-17T21:51:41.670499
590,25,13,0.0162,0.0162,0.0000,0.0001,0.0162,11.3053,0.4174,24.2000,0.0182,0.0000,1180,2025-10-17T21:51:41.689726
591,25,14,0.0162,0.0162,0.0000,0.0001,0.0162,11.3377,0.4497,24.2000,0.0182,0.0000,1182,2025-10-17T21:51:41.709070
592,25,15,0.0162,0.0162,0.0000,0.0001,0.0162,11.3701,0.4821,24.2000,0.0182,0.0000,1184,2025-10-17T21:51:41.728449
593,25,16,0.0162,0.0162,0.0000,0.0001,0.0162,11.4025,0.5146,24.2000,0.0182,0.0000,1186,2025-10-17T21:51:41.747713
594,25,17,0.0162,0.0162,0.0000,0.0001,0.0162,11.4349,0.5470,24.2000,0.0182,0.0000,1188,2025-10-17T21:51:41.766789
595,25,18,0.0163,0.0163,0.0000,0.0001,0.0163,11.4674,0.5795,24.2000,0.0182,0.0000,1190,2025-10-17T21:51:41.785897
596,25,19,0.0163,0.0163,0.0000,0.0001,0.0163,11.4999,0.6120,24.2000,0.0182,0.0000,1192,2025-10-17T21:51:41.805262
597,25,20,0.0163,0.0163,0.0000,0.0001,0.0163,11.5325,0.6446,24.2000,0.0182,0.0000,1194,2025-10-17T21:51:41.824382
598,25,21,0.0163,0.0163,0.0000,0.0001,0.0163,11.5651,0.6772,24.2000,0.0182,0.0000,1196,2025-10-17T21:51:41.843613
599,25,22,0.0163,0.0163,0.0000,0.0001,0.0163,11.5977,0.7098,24.2000,0.0182,0.0000,1198,2025-10-17T21:51:41.862931
600,25,23,0.0164,0.0164,0.0000,0.0001,0.0164,11.6304,0.7425,24.2000,0.0182,0.0000,1200,2025-10-17T21:51:41.882765
601,26,0,0.0168,0.0168,0.0000,0.0002,0.0168,11.6640,0.0000,21.5000,0.0000,0.0000,1202,2025-10-17T21:51:41.903400
602,26,1,0.0169,0.0169,0.0000,0.0002,0.0169,11.6977,0.0337,21.5000,0.0000,0.0000,1204,2025-10-17T21:51:41.923135
603,26,2,0.0169,0.0169,0.0000,0.0002,0.0169,11.7314,0.0674,21.5000,0.0000,0.0000,1206,2025-10-17T21:51:41.942686
604,26,3,0.0169,0.0169,0.0000,0.0002,0.0169,11.7652,0.1012,21.5000,0.0000,0.0000,1208,2025-10-17T21:51:41.961743
605,26,4,0.0170,0.0170,0.0000,0.0002,0.0170,11.7991,0.1351,21.5000,0.0000,0.0000,1210,2025-10-17T21:51:41.981480
606,26,5,0.0170,0.0170,0.0000,0.0002,0.0170,11.8330,0.1690,21.5000,0.0000,0.0000,1212,2025-10-17T21:51:42.000844
607,26,6,0.0170,0.0170,0.0000,0.0002,0.0170,11.8670,0.2030,21.5000,0.0000,0.0000,1214,2025-10-17T21:51:42.020408
608,26,7,0.0171,0.0171,0.0000,0.0002,0.0171,11.9011,0.2370,21.5000,0.0000,0.0000,1216,2025-10-17T21:51:42.039705
609,26,8,0.0171,0.0171,0.0000,0.0002,0.0171,11.9352,0.2712,21.5000,0.0000,0.0000,1218,2025-10-17T21:51:42.059178
610,26,9,0.0171,0.0171,0.0000,0.0002,0.0171,11.9694,0.3054,21.5000,0.0000,0.0000,1220,2025-10-17T21:51:42.078717
611,26,10,0.0172,0.0172,0.0000,0.0002,0.0172,12.0037,0.3397,21.5000,0.0000,0.0000,1222,2025-10-17T21:51:42.098076
612,26,11,0.0172,0.0172,0.0000,0.0002,0.0172,12.0380,0.3740,21.5000,0.0000,0.0000,1224,2025-10-17T21:51:42.117238
613,26,12,0.0172,0.0172,0.0000,0.0002,0.0172,12.0724,0.4084,21.5000,0.0000,0.0000,1226,2025-10-17T21:51:42.136717
614,26,13,0.0173,0.0173,0.0000,0.0002,0.0173,12.1069,0.4429,21.5000,0.0000,0.0000,1228,2025-10-17T21:51:42.156705
615,26,14,0.0173,0.0173,0.0000,0.0002,0.0173,12.1414,0.4774,21.5000,0.0000,0.0000,1230,2025-10-17T21:51:42.176186
616,26,15,0.0173,0.0173,0.0000,0.0002,0.0173,12.1760,0.5120,21.5000,0.0000,0.0000,1232,2025-10-17T21:51:42.195475
617,26,16,0.0173,0.0173,0.0000,0.0002,0.0173,12.2106,0.5466,21.5000,0.0000,0.0000,1234,2025-10-17T21:51:42.214837
618,26,17,0.0173,0.0173,0.0000,0.0002,0.0173,12.2452,0.5812,21.5000,0.0000,0.0000,1236,2025-10-17T21:51:42.234245
619,26,18,0.0173,0.0173,0.0000,0.0002,0.0173,12.2799,0.6159,21.5000,0.0000,0.0000,1238,2025-10-17T21:51:42.253402
620,26,19,0.0174,0.0174,0.0000,0.0002,0.0174,12.3146,0.6506,21.5000,0.0000,0.0000,1240,2025-10-17T21:51:42.272534
621,26,20,0.0174,0.0174,0.0000,0.0002,0.0174,12.3494,0.6854,21.5000,0.0000,0.0000,1242,2025-10-17T21:51:42.291932
622,26,21,0.0174,0.0174,0.0000,0.0002,0.0174,12.3842,0.7201,21.5000,0.0000,0.0000,1244,2025-10-17T21:51:42.311529
623,26,22,0.0174,0.0174,0.0000,0.0002,0.0174,12.4190,0.7550,21.5000,0.0000,0.0000,1246,2025-10-17T21:51:42.331675
624,26,23,0.0174,0.0174,0.0000,0.0002,0.0174,12.4538,0.7898,21.5000,0.0000,0.0000,1248,2025-10-17T21:51:42.350957
625,27,0,0.0166,0.0166,0.0000,0.0001,0.0166,12.4869,0.0000,24.8000,0.0727,0.0000,1250,2025-10-17T21:51:42.371244
626,27,1,0.0166,0.0166,0.0000,0.0001,0.0166,12.5200,0.0331,24.8000,0.0727,0.0000,1252,2025-10-17T21:51:42.391181
627,27,2,0.0166,0.0166,0.0000,0.0001,0.0166,12.5532,0.0663,24.8000,0.0727,0.0000,1254,2025-10-17T21:51:42.411282
628,27,3,0.0166,0.0166,0.0000,0.0001,0.0166,12.5864,0.0995,24.8000,0.0727,0.0000,1256,2025-10-17T21:51:42.430966
629,27,4,0.0166,0.0166,0.0000,0.0001,0.0166,12.6196,0.1327,24.8000,0.0727,0.0000,1258,2025-10-17T21:51:42.450389
630,27,5,0.0166,0.0166,0.0000,0.0001,0.0166,12.6528,0.1659,24.8000,0.0727,0.0000,1260,2025-10-17T21:51:42.470491
631,27,6,0.0166,0.0166,0.0000,0.0001,0.0166,12.6861,0.1992,24.8000,0.0727,0.0000,1262,2025-10-17T21:51:42.490147
632,27,7,0.0167,0.0167,0.0000,0.0001,0.0167,12.7194,0.2325,24.8000,0.0727,0.0000,1264,2025-10-17T21:51:42.509920
633,27,8,0.0167,0.0167,0.0000,0.0001,0.0167,12.7528,0.2659,24.8000,0.0727,0.0000,1266,2025-10-17T21:51:42.530046
634,27,9,0.0167,0.0167,0.0000,0.0001,0.0167,12.7862,0.2993,24.8000,0.0727,0.0000,1268,2025-10-17T21:51:42.549631
635,27,10,0.0167,0.0167,0.0000,0.0001,0.0167,12.8196,0.3327,24.8000,0.0727,0.0000,1270,2025-10-17T21:51:42.568850
636,27,11,0.0167,0.0167,0.0000,0.0001,0.0167,12.8530,0.3661,24.8000,0.0727,0.0000,1272,2025-10-17T21:51:42.588668
637,27,12,0.0168,0.0168,0.0000,0.0001,0.0168,12.8865,0.3996,24.8000,0.0727,0.0000,1274,2025-10-17T21:51:42.608571
638,27,13,0.0168,0.0168,0.0000,0.0001,0.0168,12.9200,0.4331,24.8000,0.0727,0.0000,1276,2025-10-17T21:51:42.628646
639,27,14,0.0168,0.0168,0.0000,0.0001,0.0168,12.9536,0.4667,24.8000,0.0727,0.0000,1278,2025-10-17T21:51:42.648764
640,27,15,0.0168,0.0168,0.0000,0.0001,0.0168,12.9872,0.5003,24.8000,0.0727,0.0000,1280,2025-10-17T21:51:42.668817
641,27,16,0.0168,0.0168,0.0000,0.0001,0.0168,13.0208,0.5339,24.8000,0.0727,0.0000,1282,2025-10-17T21:51:42.688442
642,27,17,0.0168,0.0168,0.0000,0.0001,0.0168,13.0544,0.5675,24.8000,0.0727,0.0000,1284,2025-10-17T21:51:42.708022
643,27,18,0.0169,0.0169,0.0000,0.0001,0.0169,13.0881,0.6012,24.8000,0.0727,0.0000,1286,2025-10-17T21:51:42.727227
644,27,19,0.0169,0.0169,0.0000,0.0001,0.0169,13.1218,0.6349,24.8000,0.0727,0.0000,1288,2025-10-17T21:51:42.747760
645,27,20,0.0169,0.0169,0.0000,0.0001,0.0169,13.1556,0.6687,24.8000,0.0727,0.0000,1290,2025-10-17T21:51:42.768355
646,27,21,0.0169,0.0169,0.0000,0.0001,0.0169,13.1894,0.7024,24.8000,0.0727,0.0000,1292,2025-10-17T21:51:42.788318
647,27,22,0.0169,0.0169,0.0000,0.0001,0.0169,13.2232,0.7363,24.8000,0.0727,0.0000,1294,2025-10-17T21:51:42.807804
648,27,23,0.0169,0.0169,0.0000,0.0001,0.0169,13.2570,0.7701,24.8000,0.0727,0.0000,1296,2025-10-17T21:51:42.827155
649,28,0,0.0171,0.0171,0.0000,0.0001,0.0171,13.2911,0.0000,24.5000,0.0455,0.0000,1298,2025-10-17T21:51:42.847054
650,28,1,0.0171,0.0171,0.0000,0.0001,0.0171,13.3253,0.0341,24.5000,0.0455,0.0000,1300,2025-10-17T21:51:42.866384
651,28,2,0.0171,0.0171,0.0000,0.0001,0.0171,13.3594,0.0683,24.5000,0.0455,0.0000,1302,2025-10-17T21:51:42.885329
652,28,3,0.0171,0.0171,0.0000,0.0001,0.0171,13.3936,0.1025,24.5000,0.0455,0.0000,1304,2025-10-17T21:51:42.904684
653,28,4,0.0171,0.0171,0.0000,0.0001,0.0171,13.4279,0.1368,24.5000,0.0455,0.0000,1306,2025-10-17T21:51:42.923857
654,28,5,0.0171,0.0171,0.0000,0.0001,0.0171,13.4622,0.1710,24.5000,0.0455,0.0000,1308,2025-10-17T21:51:42.942924
655,28,6,0.0172,0.0172,0.0000,0.0001,0.0172,13.4965,0.2054,24.5000,0.0455,0.0000,1310,2025-10-17T21:51:42.962555
656,28,7,0.0172,0.0172,0.0000,0.0001,0.0172,13.5309,0.2398,24.5000,0.0455,0.0000,1312,2025-10-17T21:51:42.982304
657,28,8,0.0173,0.0173,0.0000,0.0001,0.0173,13.5654,0.2742,24.5000,0.0455,0.0000,1314,2025-10-17T21:51:43.001847
658,28,9,0.0173,0.0173,0.0000,0.0001,0.0173,13.5999,0.3088,24.5000,0.0455,0.0000,1316,2025-10-17T21:51:43.022081
659,28,10,0.0173,0.0173,0.0000,0.0001,0.0173,13.6345,0.3433,24.5000,0.0455,0.0000,1318,2025-10-17T21:51:43.041411
660,28,11,0.0174,0.0174,0.0000,0.0001,0.0174,13.6691,0.3780,24.5000,0.0455,0.0000,1320,2025-10-17T21:51:43.060250
661,28,12,0.0174,0.0174,0.0000,0.0001,0.0174,13.7039,0.4128,24.5000,0.0455,0.0000,1322,2025-10-17T21:51:43.079813
662,28,13,0.0174,0.0174,0.0000,0.0001,0.0174,13.7387,0.4476,24.5000,0.0455,0.0000,1324,2025-10-17T21:51:43.099235
663,28,14,0.0175,0.0175,0.0000,0.0001,0.0175,13.7736,0.4824,24.5000,0.0455,0.0000,1326,2025-10-17T21:51:43.118665
664,28,15,0.0175,0.0175,0.0000,0.0001,0.0175,13.8085,0.5174,24.5000,0.0455,0.0000,1328,2025-10-17T21:51:43.138194
665,28,16,0.0175,0.0175,0.0000,0.0001,0.0175,13.8435,0.5524,24.5000,0.0455,0.0000,1330,2025-10-17T21:51:43.157690
666,28,17,0.0176,0.0176,0.0000,0.0001,0.0176,13.8786,0.5875,24.5000,0.0455,0.0000,1332,2025-10-17T21:51:43.177007
667,28,18,0.0176,0.0176,0.0000,0.0001,0.0176,13.9137,0.6226,24.5000,0.0455,0.0000,1334,2025-10-17T21:51:43.196097
668,28,19,0.0176,0.0176,0.0000,0.0001,0.0176,13.9489,0.6578,24.5000,0.0455,0.0000,1336,2025-10-17T21:51:43.215623
669,28,20,0.0176,0.0176,0.0000,0.0001,0.0176,13.9842,0.6930,24.5000,0.0455,0.0000,1338,2025-10-17T21:51:43.234826
670,28,21,0.0176,0.0176,0.0000,0.0001,0.0176,14.0194,0.7283,24.5000,0.0455,0.0000,1340,2025-10-17T21:51:43.253862
671,28,22,0.0177,0.0177,0.0000,0.0001,0.0177,14.0547,0.7636,24.5000,0.0455,0.0000,1342,2025-10-17T21:51:43.272966
672,28,23,0.0177,0.0177,0.0000,0.0001,0.0177,14.0901,0.7990,24.5000,0.0455,0.0000,1344,2025-10-17T21:51:43.292671
673,29,0,0.0179,0.0179,0.0000,0.0001,0.0179,14.1258,0.0000,24.4000,0.0364,0.0000,1346,2025-10-17T21:51:43.312288
674,29,1,0.0179,0.0179,0.0000,0.0001,0.0179,14.1616,0.0357,24.4000,0.0364,0.0000,1348,2025-10-17T21:51:43.331673
675,29,2,0.0179,0.0179,0.0000,0.0001,0.0179,14.1973,0.0715,24.4000,0.0364,0.0000,1350,2025-10-17T21:51:43.353179
676,29,3,0.0179,0.0179,0.0000,0.0001,0.0179,14.2332,0.1073,24.4000,0.0364,0.0000,1352,2025-10-17T21:51:43.373010
677,29,4,0.0179,0.0179,0.0000,0.0001,0.0179,14.2690,0.1432,24.4000,0.0364,0.0000,1354,2025-10-17T21:51:43.392660
678,29,5,0.0180,0.0180,0.0000,0.0001,0.0180,14.3049,0.1791,24.4000,0.0364,0.0000,1356,2025-10-17T21:51:43.411576
679,29,6,0.0180,0.0180,0.0000,0.0001,0.0180,14.3409,0.2150,24.4000,0.0364,0.0000,1358,2025-10-17T21:51:43.430450
680,29,7,0.0180,0.0180,0.0000,0.0001,0.0180,14.3768,0.2510,24.4000,0.0364,0.0000,1360,2025-10-17T21:51:43.449646
681,29,8,0.0180,0.0180,0.0000,0.0001,0.0180,14.4128,0.2870,24.4000,0.0364,0.0000,1362,2025-10-17T21:51:43.468291
682,29,9,0.0180,0.0180,0.0000,0.0001,0.0180,14.4488,0.3230,24.4000,0.0364,0.0000,1364,2025-10-17T21:51:43.486969
683,29,10,0.0180,0.0180,0.0000,0.0001,0.0180,14.4849,0.3591,24.4000,0.0364,0.0000,1366,2025-10-17T21:51:43.505841
684,29,11,0.0181,0.0181,0.0000,0.0001,0.0181,14.5210,0.3952,24.4000,0.0364,0.0000,1368,2025-10-17T21:51:43.524198
685,29,12,0.0181,0.0181,0.0000,0.0001,0.0181,14.5571,0.4313,24.4000,0.0364,0.0000,1370,2025-10-17T21:51:43.542620
686,29,13,0.0181,0.0181,0.0000,0.0001,0.0181,14.5933,0.4675,24.4000,0.0364,0.0000,1372,2025-10-17T21:51:43.561140
687,29,14,0.0181,0.0181,0.0000,0.0001,0.0181,14.6295,0.5037,24.4000,0.0364,0.0000,1374,2025-10-17T21:51:43.579838
688,29,15,0.0181,0.0181,0.0000,0.0001,0.0181,14.6658,0.5399,24.4000,0.0364,0.0000,1376,2025-10-17T21:51:43.598348
689,29,16,0.0181,0.0181,0.0000,0.0001,0.0181,14.7020,0.5762,24.4000,0.0364,0.0000,1378,2025-10-17T21:51:43.616927
690,29,17,0.0182,0.0182,0.0000,0.0001,0.0182,14.7383,0.6125,24.4000,0.0364,0.0000,1380,2025-10-17T21:51:43.635581
691,29,18,0.0182,0.0182,0.0000,0.0001,0.0182,14.7746,0.6488,24.4000,0.0364,0.0000,1382,2025-10-17T21:51:43.654676
692,29,19,0.0182,0.0182,0.0000,0.0001,0.0182,14.8110,0.6852,24.4000,0.0364,0.0000,1384,2025-10-17T21:51:43.674099
693,29,20,0.0182,0.0182,0.0000,0.0001,0.0182,14.8474,0.7216,24.4000,0.0364,0.0000,1386,2025-10-17T21:51:43.693665
694,29,21,0.0182,0.0182,0.0000,0.0001,0.0182,14.8838,0.7580,24.4000,0.0364,0.0000,1388,2025-10-17T21:51:43.712916
695,29,22,0.0182,0.0182,0.0000,0.0001,0.0182,14.9203,0.7945,24.4000,0.0364,0.0000,1390,2025-10-17T21:51:43.732126
696,29,23,0.0183,0.0183,0.0000,0.0001,0.0183,14.9568,0.8309,24.4000,0.0364,0.0000,1392,2025-10-17T21:51:43.751252
697,30,0,0.0185,0.0185,0.0000,0.0001,0.0185,14.9937,0.0000,22.5000,0.0000,0.0000,1394,2025-10-17T21:51:43.770783
698,30,1,0.0185,0.0185,0.0000,0.0001,0.0185,15.0307,0.0370,22.5000,0.0000,0.0000,1396,2025-10-17T21:51:43.790913
699,30,2,0.0185,0.0185,0.0000,0.0001,0.0185,15.0676,0.0739,22.5000,0.0000,0.0000,1398,2025-10-17T21:51:43.809953
700,30,3,0.0185,0.0185,0.0000,0.0001,0.0185,15.1047,0.1110,22.5000,0.0000,0.0000,1400,2025-10-17T21:51:43.828760
701,30,4,0.0185,0.0185,0.0000,0.0001,0.0185,15.1417,0.1480,22.5000,0.0000,0.0000,1402,2025-10-17T21:51:43.847863
702,30,5,0.0186,0.0186,0.0000,0.0001,0.0186,15.1788,0.1851,22.5000,0.0000,0.0000,1404,2025-10-17T21:51:43.867000
703,30,6,0.0186,0.0186,0.0000,0.0001,0.0186,15.2159,0.2222,22.5000,0.0000,0.0000,1406,2025-10-17T21:51:43.885882
704,30,7,0.0186,0.0186,0.0000,0.0001,0.0186,15.2531,0.2594,22.5000,0.0000,0.0000,1408,2025-10-17T21:51:43.905088
705,30,8,0.0186,0.0186,0.0000,0.0001,0.0186,15.2903,0.2966,22.5000,0.0000,0.0000,1410,2025-10-17T21:51:43.924052
706,30,9,0.0186,0.0186,0.0000,0.0001,0.0186,15.3275,0.3338,22.5000,0.0000,0.0000,1412,2025-10-17T21:51:43.943061
707,30,10,0.0186,0.0186,0.0000,0.0001,0.0186,15.3647,0.3710,22.5000,0.0000,0.0000,1414,2025-10-17T21:51:43.961663
708,30,11,0.0186,0.0186,0.0000,0.0001,0.0186,15.4019,0.4082,22.5000,0.0000,0.0000,1416,2025-10-17T21:51:43.980565
709,30,12,0.0187,0.0187,0.0000,0.0001,0.0187,15.4392,0.4455,22.5000,0.0000,0.0000,1418,2025-10-17T21:51:43.999332
710,30,13,0.0187,0.0187,0.0000,0.0001,0.0187,15.4765,0.4828,22.5000,0.0000,0.0000,1420,2025-10-17T21:51:44.018154
711,30,14,0.0187,0.0187,0.0000,0.0001,0.0187,15.5140,0.5202,22.5000,0.0000,0.0000,1422,2025-10-17T21:51:44.037403
712,30,15,0.0188,0.0188,0.0000,0.0001,0.0188,15.5514,0.5577,22.5000,0.0000,0.0000,1424,2025-10-17T21:51:44.056188
713,30,16,0.0188,0.0188,0.0000,0.0001,0.0188,15.5890,0.5953,22.5000,0.0000,0.0000,1426,2025-10-17T21:51:44.075382
714,30,17,0.0188,0.0188,0.0000,0.0001,0.0188,15.6266,0.6329,22.5000,0.0000,0.0000,1428,2025-10-17T21:51:44.094200
715,30,18,0.0188,0.0188,0.0000,0.0001,0.0188,15.6642,0.6705,22.5000,0.0000,0.0000,1430,2025-10-17T21:51:44.112653
716,30,19,0.0189,0.0189,0.0000,0.0001,0.0189,15.7019,0.7082,22.5000,0.0000,0.0000,1432,2025-10-17T21:51:44.131297
717,30,20,0.0189,0.0189,0.0000,0.0001,0.0189,15.7397,0.7460,22.5000,0.0000,0.0000,1434,2025-10-17T21:51:44.149756
718,30,21,0.0189,0.0189,0.0000,0.0001,0.0189,15.7775,0.7838,22.5000,0.0000,0.0000,1436,2025-10-17T21:51:44.168369
719,30,22,0.0190,0.0190,0.0000,0.0001,0.0190,15.8154,0.8217,22.5000,0.0000,0.0000,1438,2025-10-17T21:51:44.187210
720,30,23,0.0190,0.0190,0.0000,0.0001,0.0190,15.8534,0.8597,22.5000,0.0000,0.0000,1440,2025-10-17T21:51:44.205450
721,31,0,0.0191,0.0191,0.0000,0.0001,0.0191,15.8917,0.0000,23.7000,0.0000,0.0000,1442,2025-10-17T21:51:44.224139
722,31,1,0.0192,0.0192,0.0000,0.0001,0.0192,15.9300,0.0383,23.7000,0.0000,0.0000,1444,2025-10-17T21:51:44.242554
723,31,2,0.0192,0.0192,0.0000,0.0001,0.0192,15.9683,0.0766,23.7000,0.0000,0.0000,1446,2025-10-17T21:51:44.261539
724,31,3,0.0192,0.0192,0.0000,0.0001,0.0192,16.0067,0.1150,23.7000,0.0000,0.0000,1448,2025-10-17T21:51:44.279893
725,31,4,0.0192,0.0192,0.0000,0.0001,0.0192,16.0451,0.1534,23.7000,0.0000,0.0000,1450,2025-10-17T21:51:44.298131
726,31,5,0.0192,0.0192,0.0000,0.0001,0.0192,16.0835,0.1918,23.7000,0.0000,0.0000,1452,2025-10-17T21:51:44.316794
727,31,6,0.0193,0.0193,0.0000,0.0001,0.0193,16.1220,0.2303,23.7000,0.0000,0.0000,1454,2025-10-17T21:51:44.335950
728,31,7,0.0193,0.0193,0.0000,0.0001,0.0193,16.1605,0.2688,23.7000,0.0000,0.0000,1456,2025-10-17T21:51:44.354860
729,31,8,0.0193,0.0193,0.0000,0.0001,0.0193,16.1991,0.3074,23.7000,0.0000,0.0000,1458,2025-10-17T21:51:44.372943
730,31,9,0.0193,0.0193,0.0000,0.0001,0.0193,16.2377,0.3460,23.7000,0.0000,0.0000,1460,2025-10-17T21:51:44.392080
731,31,10,0.0193,0.0193,0.0000,0.0001,0.0193,16.2763,0.3846,23.7000,0.0000,0.0000,1462,2025-10-17T21:51:44.410887
732,31,11,0.0193,0.0193,0.0000,0.0001,0.0193,16.3149,0.4233,23.7000,0.0000,0.0000,1464,2025-10-17T21:51:44.430218
733,31,12,0.0193,0.0193,0.0000,0.0001,0.0193,16.3536,0.4619,23.7000,0.0000,0.0000,1466,2025-10-17T21:51:44.450153
734,31,13,0.0194,0.0194,0.0000,0.0001,0.0194,16.3923,0.5006,23.7000,0.0000,0.0000,1468,2025-10-17T21:51:44.469975
735,31,14,0.0194,0.0194,0.0000,0.0001,0.0194,16.4311,0.5394,23.7000,0.0000,0.0000,1470,2025-10-17T21:51:44.489859
736,31,15,0.0194,0.0194,0.0000,0.0001,0.0194,16.4699,0.5782,23.7000,0.0000,0.0000,1472,2025-10-17T21:51:44.509642
737,31,16,0.0194,0.0194,0.0000,0.0001,0.0194,16.5087,0.6170,23.7000,0.0000,0.0000,1474,2025-10-17T21:51:44.529745
738,31,17,0.0194,0.0194,0.0000,0.0001,0.0194,16.5475,0.6558,23.7000,0.0000,0.0000,1476,2025-10-17T21:51:44.549554
739,31,18,0.0195,0.0195,0.0000,0.0001,0.0195,16.5864,0.6947,23.7000,0.0000,0.0000,1478,2025-10-17T21:51:44.568979
740,31,19,0.0194,0.0194,0.0000,0.0001,0.0194,16.6253,0.7336,23.7000,0.0000,0.0000,1480,2025-10-17T21:51:44.588071
741,31,20,0.0195,0.0195,0.0000,0.0001,0.0195,16.6642,0.7725,23.7000,0.0000,0.0000,1482,2025-10-17T21:51:44.607041
742,31,21,0.0195,0.0195,0.0000,0.0001,0.0195,16.7032,0.8115,23.7000,0.0000,0.0000,1484,2025-10-17T21:51:44.625830
743,31,22,0.0195,0.0195,0.0000,0.0001,0.0195,16.7423,0.8506,23.7000,0.0000,0.0000,1486,2025-10-17T21:51:44.644609
744,31,23,0.0195,0.0195,0.0000,0.0001,0.0195,16.7813,0.8896,23.7000,0.0000,0.0000,1488,2025-10-17T21:51:44.663418
745,32,0,0.0194,0.0194,0.0000,0.0001,0.0194,16.8201,0.0000,24.1000,0.0091,0.0000,1490,2025-10-17T21:51:44.683033
746,32,1,0.0194,0.0194,0.0000,0.0001,0.0194,16.8589,0.0388,24.1000,0.0091,0.0000,1492,2025-10-17T21:51:44.702875
747,32,2,0.0194,0.0194,0.0000,0.0001,0.0194,16.8978,0.0777,24.1000,0.0091,0.0000,1494,2025-10-17T21:51:44.721660
748,32,3,0.0195,0.0195,0.0000,0.0001,0.0195,16.9367,0.1166,24.1000,0.0091,0.0000,1496,2025-10-17T21:51:44.741114
749,32,4,0.0195,0.0195,0.0000,0.0001,0.0195,16.9756,0.1555,24.1000,0.0091,0.0000,1498,2025-10-17T21:51:44.759864
750,32,5,0.0195,0.0195,0.0000,0.0001,0.0195,17.0145,0.1945,24.1000,0.0091,0.0000,1500,2025-10-17T21:51:44.778527
751,32,6,0.0195,0.0195,0.0000,0.0001,0.0195,17.0535,0.2334,24.1000,0.0091,0.0000,1502,2025-10-17T21:51:44.797216
752,32,7,0.0195,0.0195,0.0000,0.0001,0.0195,17.0925,0.2724,24.1000,0.0091,0.0000,1504,2025-10-17T21:51:44.815636
753,32,8,0.0195,0.0195,0.0000,0.0001,0.0195,17.1315,0.3114,24.1000,0.0091,0.0000,1506,2025-10-17T21:51:44.833920
754,32,9,0.0195,0.0195,0.0000,0.0001,0.0195,17.1706,0.3505,24.1000,0.0091,0.0000,1508,2025-10-17T21:51:44.853038
755,32,10,0.0196,0.0196,0.0000,0.0001,0.0196,17.2097,0.3896,24.1000,0.0091,0.0000,1510,2025-10-17T21:51:44.872450
756,32,11,0.0195,0.0195,0.0000,0.0001,0.0195,17.2488,0.4288,24.1000,0.0091,0.0000,1512,2025-10-17T21:51:44.891960
757,32,12,0.0196,0.0196,0.0000,0.0001,0.0196,17.2880,0.4679,24.1000,0.0091,0.0000,1514,2025-10-17T21:51:44.911519
758,32,13,0.0196,0.0196,0.0000,0.0001,0.0196,17.3271,0.5071,24.1000,0.0091,0.0000,1516,2025-10-17T21:51:44.930834
759,32,14,0.0196,0.0196,0.0000,0.0001,0.0196,17.3663,0.5463,24.1000,0.0091,0.0000,1518,2025-10-17T21:51:44.950138
760,32,15,0.0196,0.0196,0.0000,0.0001,0.0196,17.4056,0.5855,24.1000,0.0091,0.0000,1520,2025-10-17T21:51:44.969472
761,32,16,0.0196,0.0196,0.0000,0.0001,0.0196,17.4448,0.6248,24.1000,0.0091,0.0000,1522,2025-10-17T21:51:44.988322
762,32,17,0.0197,0.0197,0.0000,0.0001,0.0197,17.4841,0.6641,24.1000,0.0091,0.0000,1524,2025-10-17T21:51:45.007745
763,32,18,0.0197,0.0197,0.0000,0.0001,0.0197,17.5235,0.7034,24.1000,0.0091,0.0000,1526,2025-10-17T21:51:45.027415
764,32,19,0.0197,0.0197,0.0000,0.0001,0.0197,17.5629,0.7428,24.1000,0.0091,0.0000,1528,2025-10-17T21:51:45.047076
765,32,20,0.0197,0.0197,0.0000,0.0001,0.0197,17.6024,0.7823,24.1000,0.0091,0.0000,1530,2025-10-17T21:51:45.065716
766,32,21,0.0198,0.0198,0.0000,0.0001,0.0198,17.6419,0.8219,24.1000,0.0091,0.0000,1532,2025-10-17T21:51:45.084352
767,32,22,0.0198,0.0198,0.0000,0.0001,0.0198,17.6815,0.8615,24.1000,0.0091,0.0000,1534,2025-10-17T21:51:45.102699
768,32,23,0.0199,0.0199,0.0000,0.0001,0.0199,17.7212,0.9012,24.1000,0.0091,0.0000,1536,2025-10-17T21:51:45.121322
769,33,0,0.0199,0.0199,0.0000,0.0001,0.0199,17.7610,0.0000,22.8000,0.0000,0.0000,1538,2025-10-17T21:51:45.140372
770,33,1,0.0199,0.0199,0.0000,0.0001,0.0199,17.8008,0.0398,22.8000,0.0000,0.0000,1540,2025-10-17T21:51:45.158818
771,33,2,0.0200,0.0200,0.0000,0.0001,0.0200,17.8407,0.0797,22.8000,0.0000,0.0000,1542,2025-10-17T21:51:45.177327
772,33,3,0.0200,0.0200,0.0000,0.0001,0.0200,17.8806,0.1197,22.8000,0.0000,0.0000,1544,2025-10-17T21:51:45.195545
773,33,4,0.0200,0.0200,0.0000,0.0001,0.0200,17.9206,0.1597,22.8000,0.0000,0.0000,1546,2025-10-17T21:51:45.213948
774,33,5,0.0200,0.0200,0.0000,0.0001,0.0200,17.9607,0.1997,22.8000,0.0000,0.0000,1548,2025-10-17T21:51:45.232299
775,33,6,0.0201,0.0201,0.0000,0.0001,0.0201,18.0008,0.2398,22.8000,0.0000,0.0000,1550,2025-10-17T21:51:45.250809
776,33,7,0.0201,0.0201,0.0000,0.0001,0.0201,18.0410,0.2800,22.8000,0.0000,0.0000,1552,2025-10-17T21:51:45.268885
777,33,8,0.0201,0.0201,0.0000,0.0001,0.0201,18.0812,0.3202,22.8000,0.0000,0.0000,1554,2025-10-17T21:51:45.287587
778,33,9,0.0201,0.0201,0.0000,0.0001,0.0201,18.1214,0.3604,22.8000,0.0000,0.0000,1556,2025-10-17T21:51:45.305799
779,33,10,0.0201,0.0201,0.0000,0.0001,0.0201,18.1616,0.4007,22.8000,0.0000,0.0000,1558,2025-10-17T21:51:45.324255
780,33,11,0.0202,0.0202,0.0000,0.0001,0.0202,18.2019,0.4409,22.8000,0.0000,0.0000,1560,2025-10-17T21:51:45.342335
781,33,12,0.0202,0.0202,0.0000,0.0001,0.0202,18.2422,0.4813,22.8000,0.0000,0.0000,1562,2025-10-17T21:51:45.360862
782,33,13,0.0202,0.0202,0.0000,0.0001,0.0202,18.2826,0.5216,22.8000,0.0000,0.0000,1564,2025-10-17T21:51:45.379454
783,33,14,0.0202,0.0202,0.0000,0.0001,0.0202,18.3230,0.5620,22.8000,0.0000,0.0000,1566,2025-10-17T21:51:45.398539
784,33,15,0.0202,0.0202,0.0000,0.0001,0.0202,18.3634,0.6025,22.8000,0.0000,0.0000,1568,2025-10-17T21:51:45.416954
785,33,16,0.0202,0.0202,0.0000,0.0001,0.0202,18.4039,0.6429,22.8000,0.0000,0.0000,1570,2025-10-17T21:51:45.435165
786,33,17,0.0203,0.0203,0.0000,0.0001,0.0203,18.4444,0.6834,22.8000,0.0000,0.0000,1572,2025-10-17T21:51:45.453382
787,33,18,0.0203,0.0203,0.0000,0.0001,0.0203,18.4849,0.7239,22.8000,0.0000,0.0000,1574,2025-10-17T21:51:45.471623
788,33,19,0.0203,0.0203,0.0000,0.0001,0.0203,18.5255,0.7645,22.8000,0.0000,0.0000,1576,2025-10-17T21:51:45.490554
789,33,20,0.0203,0.0203,0.0000,0.0001,0.0203,18.5661,0.8051,22.8000,0.0000,0.0000,1578,2025-10-17T21:51:45.509243
790,33,21,0.0203,0.0203,0.0000,0.0001,0.0203,18.6066,0.8457,22.8000,0.0000,0.0000,1580,2025-10-17T21:51:45.527921
791,33,22,0.0203,0.0203,0.0000,0.0001,0.0203,18.6473,0.8863,22.8000,0.0000,0.0000,1582,2025-10-17T21:51:45.546766
792,33,23,0.0203,0.0203,0.0000,0.0001,0.0203,18.6879,0.9270,22.8000,0.0000,0.0000,1584,2025-10-17T21:51:45.565802
793,34,0,0.0198,0.0198,0.0000,0.0002,0.0198,18.7275,0.0000,23.7000,0.0000,0.0000,1586,2025-10-17T21:51:45.584607
