step,day,hour,total_respiration_rate,maintenance_respiration,growth_respiration,leaf_respiration,stem_respiration,root_respiration,cumulative_respiration,daily_respiration,temperature_factor,biomass_factor
1,1,0,0.0001,0.0001,0.0000,0.0000,0.0000,0.0001,0.0001,0.0000,1.0140,1.5400
2,1,1,0.0007,0.0002,0.0006,0.0001,0.0000,0.0001,0.0010,0.0008,1.0140,2.3230
3,1,2,0.0013,0.0002,0.0011,0.0001,0.0000,0.0001,0.0036,0.0035,1.0140,3.1060
4,1,3,0.0012,0.0002,0.0010,0.0001,0.0000,0.0001,0.0061,0.0059,1.0140,3.1060
5,1,4,0.0010,0.0002,0.0008,0.0001,0.0000,0.0001,0.0082,0.0081,1.0140,3.1060
6,1,5,0.0009,0.0002,0.0007,0.0001,0.0000,0.0001,0.0101,0.0099,1.0140,3.1060
7,1,6,0.0008,0.0002,0.0006,0.0001,0.0000,0.0001,0.0117,0.0116,1.0140,3.1060
8,1,7,0.0007,0.0002,0.0005,0.0001,0.0000,0.0001,0.0131,0.0130,1.0140,3.1060
9,1,8,0.0006,0.0002,0.0004,0.0001,0.0000,0.0001,0.0143,0.0142,1.0140,3.1060
10,1,9,0.0005,0.0002,0.0003,0.0001,0.0000,0.0001,0.0154,0.0152,1.0140,3.1060
11,1,10,0.0004,0.0002,0.0002,0.0001,0.0000,0.0001,0.0163,0.0161,1.0140,3.1060
12,1,11,0.0004,0.0002,0.0002,0.0001,0.0000,0.0001,0.0171,0.0169,1.0140,3.1060
13,1,12,0.0003,0.0002,0.0001,0.0001,0.0000,0.0001,0.0178,0.0176,1.0140,3.1060
14,1,13,0.0003,0.0002,0.0001,0.0001,0.0000,0.0001,0.0184,0.0182,1.0140,3.1060
15,1,14,0.0003,0.0002,0.0000,0.0001,0.0000,0.0001,0.0189,0.0188,1.0140,3.1060
16,1,15,0.0002,0.0002,0.0000,0.0001,0.0000,0.0001,0.0194,0.0192,1.0140,3.1060
17,1,16,0.0002,0.0002,0.0000,0.0001,0.0000,0.0001,0.0198,0.0196,1.0140,3.1060
18,1,17,0.0002,0.0002,0.0000,0.0001,0.0000,0.0001,0.0202,0.0200,1.0140,3.1060
19,1,18,0.0002,0.0002,0.0000,0.0001,0.0000,0.0001,0.0206,0.0204,1.0140,3.1060
20,1,19,0.0002,0.0002,0.0000,0.0001,0.0000,0.0001,0.0210,0.0209,1.0140,3.1060
21,1,20,0.0002,0.0002,0.0000,0.0001,0.0000,0.0001,0.0214,0.0213,1.0140,3.1060
22,1,21,0.0002,0.0002,0.0000,0.0001,0.0000,0.0001,0.0218,0.0217,1.0140,3.1060
23,1,22,0.0002,0.0002,0.0000,0.0001,0.0000,0.0001,0.0223,0.0221,1.0140,3.1060
24,1,23,0.0002,0.0002,0.0000,0.0001,0.0000,0.0001,0.0227,0.0225,1.0140,3.1060
25,2,0,0.0002,0.0002,0.0000,0.0001,0.0000,0.0001,0.0231,0.0000,1.1487,3.1060
26,2,1,0.0002,0.0002,0.0000,0.0001,0.0000,0.0001,0.0236,0.0005,1.1487,3.1060
27,2,2,0.0002,0.0002,0.0000,0.0001,0.0000,0.0001,0.0241,0.0009,1.1487,3.1060
28,2,3,0.0002,0.0002,0.0000,0.0001,0.0000,0.0001,0.0245,0.0014,1.1487,3.1060
29,2,4,0.0002,0.0002,0.0000,0.0001,0.0000,0.0001,0.0250,0.0019,1.1487,3.1060
30,2,5,0.0002,0.0002,0.0000,0.0001,0.0000,0.0001,0.0255,0.0023,1.1487,3.1060
31,2,6,0.0002,0.0002,0.0000,0.0001,0.0000,0.0001,0.0260,0.0028,1.1487,3.1060
32,2,7,0.0002,0.0002,0.0000,0.0001,0.0000,0.0001,0.0264,0.0033,1.1487,3.1060
33,2,8,0.0002,0.0002,0.0000,0.0001,0.0000,0.0001,0.0269,0.0038,1.1487,3.1060
34,2,9,0.0002,0.0002,0.0000,0.0001,0.0000,0.0001,0.0274,0.0042,1.1487,3.1060
35,2,10,0.0002,0.0002,0.0000,0.0001,0.0000,0.0001,0.0278,0.0047,1.1487,3.1060
36,2,11,0.0002,0.0002,0.0000,0.0001,0.0000,0.0001,0.0283,0.0052,1.1487,3.1060
37,2,12,0.0002,0.0002,0.0000,0.0001,0.0000,0.0001,0.0288,0.0056,1.1487,3.1060
38,2,13,0.0002,0.0002,0.0000,0.0001,0.0000,0.0001,0.0292,0.0061,1.1487,3.1060
39,2,14,0.0002,0.0002,0.0000,0.0001,0.0000,0.0001,0.0297,0.0066,1.1487,3.1060
40,2,15,0.0002,0.0002,0.0000,0.0001,0.0000,0.0001,0.0302,0.0070,1.1487,3.1060
41,2,16,0.0002,0.0002,0.0000,0.0001,0.0000,0.0001,0.0307,0.0075,1.1487,3.1060
42,2,17,0.0002,0.0002,0.0000,0.0001,0.0000,0.0001,0.0311,0.0080,1.1487,3.1060
43,2,18,0.0002,0.0002,0.0000,0.0001,0.0000,0.0001,0.0316,0.0085,1.1487,3.1060
44,2,19,0.0002,0.0002,0.0000,0.0001,0.0000,0.0001,0.0321,0.0089,1.1487,3.1060
45,2,20,0.0002,0.0002,0.0000,0.0001,0.0000,0.0001,0.0325,0.0094,1.1487,3.1060
46,2,21,0.0002,0.0002,0.0000,0.0001,0.0000,0.0001,0.0330,0.0099,1.1487,3.1060
47,2,22,0.0002,0.0002,0.0000,0.0001,0.0000,0.0001,0.0335,0.0103,1.1487,3.1060
48,2,23,0.0002,0.0002,0.0000,0.0001,0.0000,0.0001,0.0339,0.0108,1.1487,3.1060
49,3,0,0.0002,0.0002,0.0000,0.0001,0.0000,0.0001,0.0344,0.0000,1.0497,3.1060
50,3,1,0.0002,0.0002,0.0000,0.0001,0.0000,0.0001,0.0348,0.0004,1.0497,3.1060
51,3,2,0.0002,0.0002,0.0000,0.0001,0.0000,0.0001,0.0352,0.0009,1.0497,3.1060
52,3,3,0.0002,0.0002,0.0000,0.0001,0.0000,0.0001,0.0357,0.0013,1.0497,3.1060
53,3,4,0.0002,0.0002,0.0000,0.0001,0.0000,0.0001,0.0361,0.0017,1.0497,3.1060
54,3,5,0.0002,0.0002,0.0000,0.0001,0.0000,0.0001,0.0365,0.0021,1.0497,3.1060
55,3,6,0.0002,0.0002,0.0000,0.0001,0.0000,0.0001,0.0369,0.0026,1.0497,3.1060
56,3,7,0.0002,0.0002,0.0000,0.0001,0.0000,0.0001,0.0374,0.0030,1.0497,3.1060
57,3,8,0.0002,0.0002,0.0000,0.0001,0.0000,0.0001,0.0378,0.0034,1.0497,3.1060
58,3,9,0.0002,0.0002,0.0000,0.0001,0.0000,0.0001,0.0382,0.0039,1.0497,3.1060
59,3,10,0.0002,0.0002,0.0000,0.0001,0.0000,0.0001,0.0387,0.0043,1.0497,3.1060
60,3,11,0.0002,0.0002,0.0000,0.0001,0.0000,0.0001,0.0391,0.0047,1.0497,3.1060
61,3,12,0.0002,0.0002,0.0000,0.0001,0.0000,0.0001,0.0395,0.0051,1.0497,3.1060
62,3,13,0.0002,0.0002,0.0000,0.0001,0.0000,0.0001,0.0399,0.0056,1.0497,3.1060
63,3,14,0.0002,0.0002,0.0000,0.0001,0.0000,0.0001,0.0404,0.0060,1.0497,3.1060
64,3,15,0.0002,0.0002,0.0000,0.0001,0.0000,0.0001,0.0408,0.0064,1.0497,3.1060
65,3,16,0.0002,0.0002,0.0000,0.0001,0.0000,0.0001,0.0412,0.0069,1.0497,3.1060
66,3,17,0.0002,0.0002,0.0000,0.0001,0.0000,0.0001,0.0417,0.0073,1.0497,3.1060
67,3,18,0.0002,0.0002,0.0000,0.0001,0.0000,0.0001,0.0421,0.0077,1.0497,3.1060
68,3,19,0.0002,0.0002,0.0000,0.0001,0.0000,0.0001,0.0425,0.0082,1.0497,3.1060
69,3,20,0.0002,0.0002,0.0000,0.0001,0.0000,0.0001,0.0429,0.0086,1.0497,3.1060
70,3,21,0.0002,0.0002,0.0000,0.0001,0.0000,0.0001,0.0434,0.0090,1.0497,3.1060
71,3,22,0.0002,0.0002,0.0000,0.0001,0.0000,0.0001,0.0438,0.0094,1.0497,3.1060
72,3,23,0.0002,0.0002,0.0000,0.0001,0.0000,0.0001,0.0442,0.0099,1.0497,3.1060
73,4,0,0.0002,0.0002,0.0000,0.0001,0.0000,0.0001,0.0446,0.0000,1.0000,3.1060
74,4,1,0.0002,0.0002,0.0000,0.0001,0.0000,0.0001,0.0451,0.0004,1.0000,3.1060
75,4,2,0.0002,0.0002,0.0000,0.0001,0.0000,0.0001,0.0455,0.0008,1.0000,3.1060
76,4,3,0.0002,0.0002,0.0000,0.0001,0.0000,0.0001,0.0459,0.0012,1.0000,3.1060
77,4,4,0.0002,0.0002,0.0000,0.0001,0.0000,0.0001,0.0463,0.0016,1.0000,3.1060
78,4,5,0.0002,0.0002,0.0000,0.0001,0.0000,0.0001,0.0467,0.0020,1.0000,3.1060
79,4,6,0.0002,0.0002,0.0000,0.0001,0.0000,0.0001,0.0471,0.0025,1.0000,3.1060
80,4,7,0.0002,0.0002,0.0000,0.0001,0.0000,0.0001,0.0475,0.0029,1.0000,3.1060
81,4,8,0.0002,0.0002,0.0000,0.0001,0.0000,0.0001,0.0479,0.0033,1.0000,3.1060
82,4,9,0.0002,0.0002,0.0000,0.0001,0.0000,0.0001,0.0483,0.0037,1.0000,3.1060
83,4,10,0.0002,0.0002,0.0000,0.0001,0.0000,0.0001,0.0487,0.0041,1.0000,3.1060
84,4,11,0.0002,0.0002,0.0000,0.0001,0.0000,0.0001,0.0491,0.0045,1.0000,3.1060
85,4,12,0.0002,0.0002,0.0000,0.0001,0.0000,0.0001,0.0495,0.0049,1.0000,3.1060
86,4,13,0.0002,0.0002,0.0000,0.0001,0.0000,0.0001,0.0500,0.0053,1.0000,3.1060
87,4,14,0.0002,0.0002,0.0000,0.0001,0.0000,0.0001,0.0504,0.0057,1.0000,3.1060
88,4,15,0.0002,0.0002,0.0000,0.0001,0.0000,0.0001,0.0508,0.0061,1.0000,3.1060
89,4,16,0.0002,0.0002,0.0000,0.0001,0.0000,0.0001,0.0512,0.0065,1.0000,3.1060
90,4,17,0.0002,0.0002,0.0000,0.0001,0.0000,0.0001,0.0516,0.0069,1.0000,3.1060
91,4,18,0.0002,0.0002,0.0000,0.0001,0.0000,0.0001,0.0520,0.0074,1.0000,3.1060
92,4,19,0.0002,0.0002,0.0000,0.0001,0.0000,0.0001,0.0524,0.0078,1.0000,3.1060
93,4,20,0.0002,0.0002,0.0000,0.0001,0.0000,0.0001,0.0528,0.0082,1.0000,3.1060
94,4,21,0.0002,0.0002,0.0000,0.0001,0.0000,0.0001,0.0532,0.0086,1.0000,3.1060
95,4,22,0.0002,0.0002,0.0000,0.0001,0.0000,0.0001,0.0536,0.0090,1.0000,3.1060
96,4,23,0.0002,0.0002,0.0000,0.0001,0.0000,0.0001,0.0540,0.0094,1.0000,3.1060
97,5,0,0.0002,0.0002,0.0000,0.0001,0.0000,0.0001,0.0544,0.0000,0.9075,3.1060
98,5,1,0.0002,0.0002,0.0000,0.0001,0.0000,0.0001,0.0548,0.0004,0.9075,3.1060
99,5,2,0.0002,0.0002,0.0000,0.0001,0.0000,0.0001,0.0552,0.0007,0.9075,3.1060
100,5,3,0.0002,0.0002,0.0000,0.0001,0.0000,0.0001,0.0555,0.0011,0.9075,3.1060
101,5,4,0.0002,0.0002,0.0000,0.0001,0.0000,0.0001,0.0559,0.0015,0.9075,3.1060
102,5,5,0.0002,0.0002,0.0000,0.0001,0.0000,0.0001,0.0563,0.0019,0.9075,3.1060
103,5,6,0.0002,0.0002,0.0000,0.0001,0.0000,0.0001,0.0566,0.0022,0.9075,3.1060
104,5,7,0.0002,0.0002,0.0000,0.0001,0.0000,0.0001,0.0570,0.0026,0.9075,3.1060
105,5,8,0.0002,0.0002,0.0000,0.0001,0.0000,0.0001,0.0574,0.0030,0.9075,3.1060
106,5,9,0.0002,0.0002,0.0000,0.0001,0.0000,0.0001,0.0578,0.0033,0.9075,3.1060
107,5,10,0.0002,0.0002,0.0000,0.0001,0.0000,0.0001,0.0581,0.0037,0.9075,3.1060
108,5,11,0.0002,0.0002,0.0000,0.0001,0.0000,0.0001,0.0585,0.0041,0.9075,3.1060
109,5,12,0.0002,0.0002,0.0000,0.0001,0.0000,0.0001,0.0589,0.0045,0.9075,3.1060
110,5,13,0.0002,0.0002,0.0000,0.0001,0.0000,0.0001,0.0592,0.0048,0.9075,3.1060
111,5,14,0.0002,0.0002,0.0000,0.0001,0.0000,0.0001,0.0596,0.0052,0.9075,3.1060
112,5,15,0.0002,0.0002,0.0000,0.0001,0.0000,0.0001,0.0600,0.0056,0.9075,3.1060
113,5,16,0.0002,0.0002,0.0000,0.0001,0.0000,0.0001,0.0603,0.0059,0.9075,3.1060
114,5,17,0.0002,0.0002,0.0000,0.0001,0.0000,0.0001,0.0607,0.0063,0.9075,3.1060
115,5,18,0.0002,0.0002,0.0000,0.0001,0.0000,0.0001,0.0611,0.0067,0.9075,3.1060
116,5,19,0.0002,0.0002,0.0000,0.0001,0.0000,0.0001,0.0615,0.0070,0.9075,3.1060
117,5,20,0.0002,0.0002,0.0000,0.0001,0.0000,0.0001,0.0618,0.0074,0.9075,3.1060
118,5,21,0.0002,0.0002,0.0000,0.0001,0.0000,0.0001,0.0622,0.0078,0.9075,3.1060
119,5,22,0.0002,0.0002,0.0000,0.0001,0.0000,0.0001,0.0626,0.0082,0.9075,3.1060
120,5,23,0.0002,0.0002,0.0000,0.0001,0.0000,0.0001,0.0629,0.0085,0.9075,3.1060
121,6,0,0.0002,0.0002,0.0000,0.0001,0.0000,0.0001,0.0633,0.0000,0.9794,3.1060
122,6,1,0.0002,0.0002,0.0000,0.0001,0.0000,0.0001,0.0637,0.0004,0.9794,3.1060
123,6,2,0.0002,0.0002,0.0000,0.0001,0.0000,0.0001,0.0641,0.0008,0.9794,3.1060
124,6,3,0.0002,0.0002,0.0000,0.0001,0.0000,0.0001,0.0645,0.0012,0.9794,3.1060
125,6,4,0.0002,0.0002,0.0000,0.0001,0.0000,0.0001,0.0649,0.0016,0.9794,3.1060
126,6,5,0.0002,0.0002,0.0000,0.0001,0.0000,0.0001,0.0653,0.0020,0.9794,3.1060
127,6,6,0.0002,0.0002,0.0000,0.0001,0.0000,0.0001,0.0657,0.0024,0.9794,3.1060
128,6,7,0.0002,0.0002,0.0000,0.0001,0.0000,0.0001,0.0661,0.0028,0.9794,3.1060
129,6,8,0.0002,0.0002,0.0000,0.0001,0.0000,0.0001,0.0665,0.0032,0.9794,3.1060
130,6,9,0.0002,0.0002,0.0000,0.0001,0.0000,0.0001,0.0669,0.0036,0.9794,3.1060
131,6,10,0.0002,0.0002,0.0000,0.0001,0.0000,0.0001,0.0673,0.0040,0.9794,3.1060
132,6,11,0.0002,0.0002,0.0000,0.0001,0.0000,0.0001,0.0677,0.0044,0.9794,3.1060
133,6,12,0.0002,0.0002,0.0000,0.0001,0.0000,0.0001,0.0681,0.0048,0.9794,3.1060
134,6,13,0.0002,0.0002,0.0000,0.0001,0.0000,0.0001,0.0685,0.0052,0.9794,3.1060
135,6,14,0.0002,0.0002,0.0000,0.0001,0.0000,0.0001,0.0689,0.0056,0.9794,3.1060
136,6,15,0.0002,0.0002,0.0000,0.0001,0.0000,0.0001,0.0693,0.0060,0.9794,3.1060
137,6,16,0.0002,0.0002,0.0000,0.0001,0.0000,0.0001,0.0697,0.0064,0.9794,3.1060
138,6,17,0.0002,0.0002,0.0000,0.0001,0.0000,0.0001,0.0701,0.0068,0.9794,3.1060
139,6,18,0.0002,0.0002,0.0000,0.0001,0.0000,0.0001,0.0705,0.0072,0.9794,3.1060
140,6,19,0.0002,0.0002,0.0000,0.0001,0.0000,0.0001,0.0709,0.0076,0.9794,3.1060
141,6,20,0.0002,0.0002,0.0000,0.0001,0.0000,0.0001,0.0713,0.0080,0.9794,3.1060
142,6,21,0.0002,0.0002,0.0000,0.0001,0.0000,0.0001,0.0718,0.0084,0.9794,3.1060
143,6,22,0.0002,0.0002,0.0000,0.0001,0.0000,0.0001,0.0722,0.0088,0.9794,3.1060
144,6,23,0.0002,0.0002,0.0000,0.0001,0.0000,0.0001,0.0726,0.0092,0.9794,3.1060
145,7,0,0.0002,0.0002,0.0000,0.0001,0.0000,0.0001,0.0730,0.0000,1.0943,3.1060
146,7,1,0.0002,0.0002,0.0000,0.0001,0.0000,0.0001,0.0734,0.0004,1.0943,3.1060
147,7,2,0.0002,0.0002,0.0000,0.0001,0.0000,0.0001,0.0739,0.0009,1.0943,3.1060
148,7,3,0.0002,0.0002,0.0000,0.0001,0.0000,0.0001,0.0743,0.0013,1.0943,3.1060
149,7,4,0.0002,0.0002,0.0000,0.0001,0.0000,0.0001,0.0748,0.0018,1.0943,3.1060
150,7,5,0.0002,0.0002,0.0000,0.0001,0.0000,0.0001,0.0752,0.0022,1.0943,3.1060
151,7,6,0.0002,0.0002,0.0000,0.0001,0.0000,0.0001,0.0757,0.0027,1.0943,3.1060
152,7,7,0.0002,0.0002,0.0000,0.0001,0.0000,0.0001,0.0761,0.0031,1.0943,3.1060
153,7,8,0.0002,0.0002,0.0000,0.0001,0.0000,0.0001,0.0766,0.0036,1.0943,3.1060
154,7,9,0.0002,0.0002,0.0000,0.0001,0.0000,0.0001,0.0770,0.0040,1.0943,3.1060
155,7,10,0.0002,0.0002,0.0000,0.0001,0.0000,0.0001,0.0775,0.0045,1.0943,3.1060
156,7,11,0.0002,0.0002,0.0000,0.0001,0.0000,0.0001,0.0779,0.0049,1.0943,3.1060
157,7,12,0.0002,0.0002,0.0000,0.0001,0.0000,0.0001,0.0784,0.0054,1.0943,3.1060
158,7,13,0.0002,0.0002,0.0000,0.0001,0.0000,0.0001,0.0788,0.0058,1.0943,3.1060
159,7,14,0.0002,0.0002,0.0000,0.0001,0.0000,0.0001,0.0793,0.0063,1.0943,3.1060
160,7,15,0.0002,0.0002,0.0000,0.0001,0.0000,0.0001,0.0797,0.0067,1.0943,3.1060
161,7,16,0.0002,0.0002,0.0000,0.0001,0.0000,0.0001,0.0802,0.0072,1.0943,3.1060
162,7,17,0.0002,0.0002,0.0000,0.0001,0.0000,0.0001,0.0806,0.0076,1.0943,3.1060
163,7,18,0.0002,0.0002,0.0000,0.0001,0.0000,0.0001,0.0810,0.0081,1.0943,3.1060
164,7,19,0.0002,0.0002,0.0000,0.0001,0.0000,0.0001,0.0815,0.0085,1.0943,3.1060
165,7,20,0.0002,0.0002,0.0000,0.0001,0.0000,0.0001,0.0819,0.0089,1.0943,3.1060
166,7,21,0.0002,0.0002,0.0000,0.0001,0.0000,0.0001,0.0824,0.0094,1.0943,3.1060
167,7,22,0.0002,0.0002,0.0000,0.0001,0.0000,0.0001,0.0828,0.0098,1.0943,3.1060
168,7,23,0.0002,0.0002,0.0000,0.0001,0.0000,0.0001,0.0833,0.0103,1.0943,3.1060
169,8,0,0.0002,0.0002,0.0000,0.0001,0.0000,0.0001,0.0837,0.0000,0.9593,3.1060
170,8,1,0.0002,0.0002,0.0000,0.0001,0.0000,0.0001,0.0841,0.0004,0.9593,3.1060
171,8,2,0.0002,0.0002,0.0000,0.0001,0.0000,0.0001,0.0845,0.0008,0.9593,3.1060
172,8,3,0.0002,0.0002,0.0000,0.0001,0.0000,0.0001,0.0849,0.0012,0.9593,3.1060
173,8,4,0.0002,0.0002,0.0000,0.0001,0.0000,0.0001,0.0852,0.0016,0.9593,3.1060
174,8,5,0.0002,0.0002,0.0000,0.0001,0.0000,0.0001,0.0856,0.0020,0.9593,3.1060
175,8,6,0.0002,0.0002,0.0000,0.0001,0.0000,0.0001,0.0860,0.0024,0.9593,3.1060
176,8,7,0.0002,0.0002,0.0000,0.0001,0.0000,0.0001,0.0864,0.0027,0.9593,3.1060
177,8,8,0.0002,0.0002,0.0000,0.0001,0.0000,0.0001,0.0868,0.0031,0.9593,3.1060
178,8,9,0.0002,0.0002,0.0000,0.0001,0.0000,0.0001,0.0872,0.0035,0.9593,3.1060
179,8,10,0.0002,0.0002,0.0000,0.0001,0.0000,0.0001,0.0876,0.0039,0.9593,3.1060
180,8,11,0.0002,0.0002,0.0000,0.0001,0.0000,0.0001,0.0880,0.0043,0.9593,3.1060
181,8,12,0.0002,0.0002,0.0000,0.0001,0.0000,0.0001,0.0884,0.0047,0.9593,3.1060
182,8,13,0.0002,0.0002,0.0000,0.0001,0.0000,0.0001,0.0888,0.0051,0.9593,3.1060
183,8,14,0.0002,0.0002,0.0000,0.0001,0.0000,0.0001,0.0892,0.0055,0.9593,3.1060
184,8,15,0.0002,0.0002,0.0000,0.0001,0.0000,0.0001,0.0896,0.0059,0.9593,3.1060
185,8,16,0.0002,0.0002,0.0000,0.0001,0.0000,0.0001,0.0899,0.0063,0.9593,3.1060
186,8,17,0.0002,0.0002,0.0000,0.0001,0.0000,0.0001,0.0903,0.0067,0.9593,3.1060
187,8,18,0.0002,0.0002,0.0000,0.0001,0.0000,0.0001,0.0907,0.0071,0.9593,3.1060
188,8,19,0.0002,0.0002,0.0000,0.0001,0.0000,0.0001,0.0911,0.0074,0.9593,3.1060
189,8,20,0.0002,0.0002,0.0000,0.0001,0.0000,0.0001,0.0915,0.0078,0.9593,3.1060
190,8,21,0.0002,0.0002,0.0000,0.0001,0.0000,0.0001,0.0919,0.0082,0.9593,3.1060
191,8,22,0.0002,0.0002,0.0000,0.0001,0.0000,0.0001,0.0923,0.0086,0.9593,3.1060
192,8,23,0.0002,0.0002,0.0000,0.0001,0.0000,0.0001,0.0927,0.0090,0.9593,3.1060
193,9,0,0.0002,0.0002,0.0000,0.0001,0.0000,0.0001,0.0931,0.0000,1.1019,3.1060
194,9,1,0.0002,0.0002,0.0000,0.0001,0.0000,0.0001,0.0936,0.0005,1.1019,3.1060
195,9,2,0.0002,0.0002,0.0000,0.0001,0.0000,0.0001,0.0940,0.0009,1.1019,3.1060
196,9,3,0.0002,0.0002,0.0000,0.0001,0.0000,0.0001,0.0945,0.0014,1.1019,3.1060
197,9,4,0.0002,0.0002,0.0000,0.0001,0.0000,0.0001,0.0949,0.0018,1.1019,3.1060
198,9,5,0.0002,0.0002,0.0000,0.0001,0.0000,0.0001,0.0954,0.0023,1.1019,3.1060
199,9,6,0.0002,0.0002,0.0000,0.0001,0.0000,0.0001,0.0958,0.0027,1.1019,3.1060
200,9,7,0.0002,0.0002,0.0000,0.0001,0.0000,0.0001,0.0963,0.0032,1.1019,3.1060
201,9,8,0.0002,0.0002,0.0000,0.0001,0.0000,0.0001,0.0967,0.0036,1.1019,3.1060
202,9,9,0.0002,0.0002,0.0000,0.0001,0.0000,0.0001,0.0972,0.0041,1.1019,3.1060
203,9,10,0.0002,0.0002,0.0000,0.0001,0.0000,0.0001,0.0976,0.0045,1.1019,3.1060
204,9,11,0.0002,0.0002,0.0000,0.0001,0.0000,0.0001,0.0981,0.0050,1.1019,3.1060
205,9,12,0.0002,0.0002,0.0000,0.0001,0.0000,0.0001,0.0985,0.0054,1.1019,3.1060
206,9,13,0.0002,0.0002,0.0000,0.0001,0.0000,0.0001,0.0990,0.0059,1.1019,3.1060
207,9,14,0.0002,0.0002,0.0000,0.0001,0.0000,0.0001,0.0994,0.0063,1.1019,3.1060
208,9,15,0.0002,0.0002,0.0000,0.0001,0.0000,0.0001,0.0999,0.0068,1.1019,3.1060
209,9,16,0.0002,0.0002,0.0000,0.0001,0.0000,0.0001,0.1003,0.0072,1.1019,3.1060
210,9,17,0.0002,0.0002,0.0000,0.0001,0.0000,0.0001,0.1008,0.0077,1.1019,3.1060
211,9,18,0.0002,0.0002,0.0000,0.0001,0.0000,0.0001,0.1013,0.0081,1.1019,3.1060
212,9,19,0.0002,0.0002,0.0000,0.0001,0.0000,0.0001,0.1017,0.0086,1.1019,3.1060
213,9,20,0.0002,0.0002,0.0000,0.0001,0.0000,0.0001,0.1022,0.0090,1.1019,3.1060
214,9,21,0.0002,0.0002,0.0000,0.0001,0.0000,0.0001,0.1026,0.0095,1.1019,3.1060
215,9,22,0.0002,0.0002,0.0000,0.0001,0.0000,0.0001,0.1031,0.0099,1.1019,3.1060
216,9,23,0.0002,0.0002,0.0000,0.0001,0.0000,0.0001,0.1035,0.0104,1.1019,3.1060
217,10,0,0.0002,0.0002,0.0000,0.0001,0.0000,0.0001,0.1039,0.0000,0.8586,3.1060
218,10,1,0.0002,0.0002,0.0000,0.0001,0.0000,0.0001,0.1042,0.0004,0.8586,3.1060
219,10,2,0.0002,0.0002,0.0000,0.0001,0.0000,0.0001,0.1046,0.0007,0.8586,3.1060
220,10,3,0.0002,0.0002,0.0000,0.0001,0.0000,0.0001,0.1049,0.0011,0.8586,3.1060
221,10,4,0.0002,0.0002,0.0000,0.0001,0.0000,0.0001,0.1053,0.0014,0.8586,3.1060
222,10,5,0.0002,0.0002,0.0000,0.0001,0.0000,0.0001,0.1056,0.0018,0.8586,3.1060
223,10,6,0.0002,0.0002,0.0000,0.0001,0.0000,0.0001,0.1060,0.0021,0.8586,3.1060
224,10,7,0.0002,0.0002,0.0000,0.0001,0.0000,0.0001,0.1063,0.0025,0.8586,3.1060
225,10,8,0.0002,0.0002,0.0000,0.0001,0.0000,0.0001,0.1067,0.0028,0.8586,3.1060
226,10,9,0.0002,0.0002,0.0000,0.0001,0.0000,0.0001,0.1070,0.0032,0.8586,3.1060
227,10,10,0.0002,0.0002,0.0000,0.0001,0.0000,0.0001,0.1074,0.0035,0.8586,3.1060
228,10,11,0.0002,0.0002,0.0000,0.0001,0.0000,0.0001,0.1077,0.0039,0.8586,3.1060
229,10,12,0.0002,0.0002,0.0000,0.0001,0.0000,0.0001,0.1081,0.0042,0.8586,3.1060
230,10,13,0.0002,0.0002,0.0000,0.0001,0.0000,0.0001,0.1084,0.0046,0.8586,3.1060
231,10,14,0.0002,0.0002,0.0000,0.0001,0.0000,0.0001,0.1088,0.0049,0.8586,3.1060
232,10,15,0.0002,0.0002,0.0000,0.0001,0.0000,0.0001,0.1091,0.0053,0.8586,3.1060
233,10,16,0.0002,0.0002,0.0000,0.0001,0.0000,0.0001,0.1095,0.0056,0.8586,3.1060
234,10,17,0.0002,0.0002,0.0000,0.0001,0.0000,0.0001,0.1098,0.0060,0.8586,3.1060
235,10,18,0.0002,0.0002,0.0000,0.0001,0.0000,0.0001,0.1102,0.0063,0.8586,3.1060
236,10,19,0.0002,0.0002,0.0000,0.0001,0.0000,0.0001,0.1105,0.0067,0.8586,3.1060
237,10,20,0.0002,0.0002,0.0000,0.0001,0.0000,0.0001,0.1109,0.0070,0.8586,3.1060
238,10,21,0.0002,0.0002,0.0000,0.0001,0.0000,0.0001,0.1112,0.0074,0.8586,3.1060
239,10,22,0.0002,0.0002,0.0000,0.0001,0.0000,0.0001,0.1116,0.0077,0.8586,3.1060
240,10,23,0.0002,0.0002,0.0000,0.0001,0.0000,0.0001,0.1119,0.0081,0.8586,3.1060
241,11,0,0.0002,0.0002,0.0000,0.0001,0.0000,0.0001,0.1123,0.0000,1.0425,3.1060
242,11,1,0.0002,0.0002,0.0000,0.0001,0.0000,0.0001,0.1128,0.0004,1.0425,3.1060
243,11,2,0.0002,0.0002,0.0000,0.0001,0.0000,0.0001,0.1132,0.0009,1.0425,3.1060
244,11,3,0.0002,0.0002,0.0000,0.0001,0.0000,0.0001,0.1136,0.0013,1.0425,3.1060
245,11,4,0.0002,0.0002,0.0000,0.0001,0.0000,0.0001,0.1141,0.0017,1.0425,3.1060
246,11,5,0.0002,0.0002,0.0000,0.0001,0.0000,0.0001,0.1145,0.0021,1.0425,3.1060
247,11,6,0.0002,0.0002,0.0000,0.0001,0.0000,0.0001,0.1149,0.0026,1.0425,3.1060
248,11,7,0.0002,0.0002,0.0000,0.0001,0.0000,0.0001,0.1153,0.0030,1.0425,3.1060
249,11,8,0.0002,0.0002,0.0000,0.0001,0.0000,0.0001,0.1158,0.0034,1.0425,3.1060
250,11,9,0.0002,0.0002,0.0000,0.0001,0.0000,0.0001,0.1162,0.0038,1.0425,3.1060
251,11,10,0.0002,0.0002,0.0000,0.0001,0.0000,0.0001,0.1166,0.0043,1.0425,3.1060
252,11,11,0.0002,0.0002,0.0000,0.0001,0.0000,0.0001,0.1170,0.0047,1.0425,3.1060
253,11,12,0.0002,0.0002,0.0000,0.0001,0.0000,0.0001,0.1175,0.0051,1.0425,3.1060
254,11,13,0.0002,0.0002,0.0000,0.0001,0.0000,0.0001,0.1179,0.0055,1.0425,3.1060
255,11,14,0.0002,0.0002,0.0000,0.0001,0.0000,0.0001,0.1183,0.0060,1.0425,3.1060
256,11,15,0.0002,0.0002,0.0000,0.0001,0.0000,0.0001,0.1187,0.0064,1.0425,3.1060
257,11,16,0.0002,0.0002,0.0000,0.0001,0.0000,0.0001,0.1192,0.0068,1.0425,3.1060
258,11,17,0.0002,0.0002,0.0000,0.0001,0.0000,0.0001,0.1196,0.0072,1.0425,3.1060
259,11,18,0.0002,0.0002,0.0000,0.0001,0.0000,0.0001,0.1200,0.0077,1.0425,3.1060
260,11,19,0.0002,0.0002,0.0000,0.0001,0.0000,0.0001,0.1204,0.0081,1.0425,3.1060
261,11,20,0.0002,0.0002,0.0000,0.0001,0.0000,0.0001,0.1209,0.0085,1.0425,3.1072
262,11,21,0.0002,0.0002,0.0000,0.0001,0.0000,0.0001,0.1213,0.0089,1.0425,3.1083
263,11,22,0.0002,0.0002,0.0000,0.0001,0.0000,0.0001,0.1217,0.0094,1.0425,3.1083
264,11,23,0.0002,0.0002,0.0000,0.0001,0.0000,0.0001,0.1221,0.0098,1.0425,3.1083
265,12,0,0.0002,0.0002,0.0000,0.0001,0.0000,0.0001,0.1226,0.0000,0.9794,3.1083
266,12,1,0.0002,0.0002,0.0000,0.0001,0.0000,0.0001,0.1230,0.0004,0.9794,3.1312
267,12,2,0.0002,0.0002,0.0000,0.0001,0.0000,0.0001,0.1234,0.0008,0.9794,3.2115
268,12,3,0.0004,0.0002,0.0001,0.0001,0.0000,0.0001,0.1240,0.0015,0.9794,3.3587
269,12,4,0.0005,0.0002,0.0003,0.0001,0.0000,0.0001,0.1250,0.0024,0.9794,3.5544
270,12,5,0.0007,0.0002,0.0004,0.0001,0.0000,0.0001,0.1262,0.0037,0.9794,3.7693
271,12,6,0.0009,0.0003,0.0006,0.0001,0.0000,0.0001,0.1279,0.0053,0.9794,3.9847
272,12,7,0.0010,0.0003,0.0008,0.0001,0.0000,0.0001,0.1298,0.0073,0.9794,4.1926
273,12,8,0.0012,0.0003,0.0009,0.0001,0.0000,0.0001,0.1321,0.0096,0.9794,4.3912
274,12,9,0.0013,0.0003,0.0010,0.0001,0.0000,0.0001,0.1347,0.0121,0.9794,4.5643
275,12,10,0.0014,0.0003,0.0011,0.0001,0.0000,0.0001,0.1375,0.0149,0.9794,4.6910
276,12,11,0.0015,0.0003,0.0012,0.0001,0.0000,0.0001,0.1404,0.0179,0.9794,4.7664
277,12,12,0.0015,0.0003,0.0012,0.0001,0.0000,0.0001,0.1434,0.0209,0.9794,4.7912
278,12,13,0.0015,0.0003,0.0012,0.0001,0.0000,0.0001,0.1464,0.0239,0.9794,4.7912
279,12,14,0.0015,0.0003,0.0012,0.0001,0.0000,0.0001,0.1494,0.0269,0.9794,4.7912
280,12,15,0.0015,0.0003,0.0012,0.0001,0.0000,0.0001,0.1524,0.0298,0.9794,4.7912
281,12,16,0.0015,0.0003,0.0011,0.0001,0.0000,0.0001,0.1553,0.0327,0.9794,4.7912
282,12,17,0.0014,0.0003,0.0011,0.0001,0.0000,0.0001,0.1581,0.0356,0.9794,4.7912
283,12,18,0.0014,0.0003,0.0011,0.0001,0.0000,0.0001,0.1610,0.0384,0.9794,4.7912
284,12,19,0.0014,0.0003,0.0011,0.0001,0.0000,0.0001,0.1638,0.0412,0.9794,4.7912
285,12,20,0.0014,0.0003,0.0011,0.0001,0.0000,0.0001,0.1666,0.0440,0.9794,4.7944
286,12,21,0.0014,0.0003,0.0011,0.0001,0.0000,0.0001,0.1693,0.0468,0.9794,4.7976
287,12,22,0.0014,0.0003,0.0011,0.0001,0.0000,0.0001,0.1721,0.0496,0.9794,4.7991
288,12,23,0.0003,0.0003,0.0000,0.0001,0.0000,0.0001,0.1727,0.0502,0.9794,4.8086
289,13,0,0.0004,0.0003,0.0001,0.0002,0.0000,0.0001,0.1735,0.0000,1.0497,4.9279
290,13,1,0.0006,0.0004,0.0003,0.0002,0.0000,0.0001,0.1747,0.0012,1.0497,5.1891
291,13,2,0.0009,0.0004,0.0005,0.0002,0.0000,0.0001,0.1763,0.0028,1.0497,5.4895
292,13,3,0.0011,0.0004,0.0007,0.0002,0.0000,0.0001,0.1784,0.0049,1.0497,5.7772
293,13,4,0.0013,0.0004,0.0009,0.0002,0.0000,0.0002,0.1809,0.0074,1.0497,6.0365
294,13,5,0.0015,0.0004,0.0011,0.0002,0.0001,0.0002,0.1838,0.0103,1.0497,6.2664
295,13,6,0.0017,0.0004,0.0012,0.0002,0.0001,0.0002,0.1871,0.0136,1.0497,6.4703
296,13,7,0.0018,0.0005,0.0014,0.0002,0.0001,0.0002,0.1906,0.0171,1.0497,6.6526
297,13,8,0.0019,0.0005,0.0015,0.0002,0.0001,0.0002,0.1945,0.0210,1.0497,6.8176
298,13,9,0.0021,0.0005,0.0016,0.0002,0.0001,0.0002,0.1985,0.0250,1.0497,6.9691
299,13,10,0.0022,0.0005,0.0017,0.0002,0.0001,0.0002,0.2029,0.0294,1.0497,7.1103
300,13,11,0.0023,0.0005,0.0018,0.0003,0.0001,0.0002,0.2074,0.0339,1.0497,7.2440
301,13,12,0.0024,0.0005,0.0019,0.0003,0.0001,0.0002,0.2121,0.0386,1.0497,7.3727
302,13,13,0.0025,0.0005,0.0020,0.0003,0.0001,0.0002,0.2170,0.0435,1.0497,7.4982
303,13,14,0.0026,0.0005,0.0021,0.0003,0.0001,0.0002,0.2222,0.0487,1.0497,7.6192
304,13,15,0.0027,0.0005,0.0022,0.0003,0.0001,0.0002,0.2275,0.0540,1.0497,7.7354
305,13,16,0.0028,0.0005,0.0022,0.0003,0.0001,0.0002,0.2330,0.0595,1.0497,7.8496
306,13,17,0.0029,0.0005,0.0023,0.0003,0.0001,0.0002,0.2387,0.0652,1.0497,7.9639
307,13,18,0.0030,0.0005,0.0024,0.0003,0.0001,0.0002,0.2446,0.0711,1.0497,8.0792
308,13,19,0.0031,0.0006,0.0025,0.0003,0.0001,0.0002,0.2506,0.0771,1.0497,8.1954
309,13,20,0.0031,0.0006,0.0026,0.0003,0.0001,0.0002,0.2569,0.0834,1.0497,8.3125
310,13,21,0.0032,0.0006,0.0027,0.0003,0.0001,0.0002,0.2633,0.0898,1.0497,8.4309
311,13,22,0.0033,0.0006,0.0028,0.0003,0.0001,0.0002,0.2699,0.0964,1.0497,8.5506
312,13,23,0.0006,0.0006,0.0000,0.0003,0.0001,0.0002,0.2712,0.0977,1.0497,8.6714
313,14,0,0.0009,0.0006,0.0003,0.0003,0.0001,0.0002,0.2727,0.0000,0.9593,9.0274
314,14,1,0.0014,0.0006,0.0008,0.0003,0.0001,0.0002,0.2751,0.0024,0.9593,9.6553
315,14,2,0.0019,0.0006,0.0012,0.0003,0.0001,0.0002,0.2786,0.0059,0.9593,10.2868
316,14,3,0.0023,0.0007,0.0016,0.0004,0.0001,0.0002,0.2830,0.0103,0.9593,10.8489
317,14,4,0.0027,0.0007,0.0020,0.0004,0.0001,0.0002,0.2882,0.0155,0.9593,11.3372
318,14,5,0.0030,0.0007,0.0023,0.0004,0.0001,0.0002,0.2941,0.0215,0.9593,11.7532
319,14,6,0.0033,0.0007,0.0026,0.0004,0.0001,0.0002,0.3006,0.0280,0.9593,12.1063
320,14,7,0.0036,0.0008,0.0028,0.0004,0.0001,0.0003,0.3076,0.0350,0.9593,12.4070
321,14,8,0.0038,0.0008,0.0030,0.0004,0.0001,0.0003,0.3151,0.0424,0.9593,12.6647
322,14,9,0.0039,0.0008,0.0032,0.0004,0.0001,0.0003,0.3229,0.0502,0.9593,12.8880
323,14,10,0.0041,0.0008,0.0033,0.0004,0.0001,0.0003,0.3310,0.0583,0.9593,13.0849
324,14,11,0.0042,0.0008,0.0034,0.0004,0.0001,0.0003,0.3394,0.0667,0.9593,13.2616
325,14,12,0.0044,0.0008,0.0035,0.0005,0.0001,0.0003,0.3481,0.0754,0.9593,13.4236
326,14,13,0.0045,0.0008,0.0037,0.0005,0.0001,0.0003,0.3570,0.0843,0.9593,13.5752
327,14,14,0.0046,0.0008,0.0038,0.0005,0.0001,0.0003,0.3661,0.0935,0.9593,13.7196
328,14,15,0.0047,0.0009,0.0039,0.0005,0.0001,0.0003,0.3755,0.1028,0.9593,13.8595
329,14,16,0.0048,0.0009,0.0040,0.0005,0.0001,0.0003,0.3851,0.1124,0.9593,13.9971
330,14,17,0.0049,0.0009,0.0041,0.0005,0.0001,0.0003,0.3949,0.1223,0.9593,14.1337
331,14,18,0.0050,0.0009,0.0042,0.0005,0.0001,0.0003,0.4050,0.1323,0.9593,14.2712
332,14,19,0.0052,0.0009,0.0043,0.0005,0.0001,0.0003,0.4152,0.1425,0.9593,14.4033
333,14,20,0.0052,0.0009,0.0043,0.0005,0.0001,0.0003,0.4257,0.1530,0.9593,14.5109
334,14,21,0.0053,0.0009,0.0044,0.0005,0.0001,0.0003,0.4362,0.1635,0.9593,14.5802
335,14,22,0.0053,0.0009,0.0044,0.0005,0.0001,0.0003,0.4469,0.1742,0.9593,14.6101
336,14,23,0.0009,0.0009,0.0000,0.0005,0.0001,0.0003,0.4486,0.1760,0.9593,14.6155
337,15,0,0.0012,0.0010,0.0002,0.0006,0.0001,0.0003,0.4509,0.0000,1.0425,14.9678
338,15,1,0.0019,0.0010,0.0008,0.0006,0.0001,0.0003,0.4542,0.0034,1.0425,15.7412
339,15,2,0.0025,0.0011,0.0014,0.0006,0.0001,0.0004,0.4589,0.0080,1.0425,16.5334
340,15,3,0.0030,0.0011,0.0019,0.0006,0.0001,0.0004,0.4647,0.0138,1.0425,17.2094
341,15,4,0.0035,0.0012,0.0023,0.0007,0.0002,0.0004,0.4715,0.0206,1.0425,17.7636
342,15,5,0.0039,0.0012,0.0026,0.0007,0.0002,0.0004,0.4790,0.0281,1.0425,18.2222
343,15,6,0.0042,0.0012,0.0029,0.0007,0.0002,0.0004,0.4872,0.0363,1.0425,18.6087
344,15,7,0.0044,0.0013,0.0032,0.0007,0.0002,0.0004,0.4959,0.0450,1.0425,18.9369
345,15,8,0.0047,0.0013,0.0034,0.0007,0.0002,0.0004,0.5051,0.0542,1.0425,19.2177
346,15,9,0.0048,0.0013,0.0036,0.0007,0.0002,0.0004,0.5147,0.0638,1.0425,19.4600
347,15,10,0.0050,0.0013,0.0037,0.0007,0.0002,0.0004,0.5246,0.0738,1.0425,19.6712
348,15,11,0.0052,0.0013,0.0038,0.0007,0.0002,0.0004,0.5349,0.0840,1.0425,19.8575
349,15,12,0.0053,0.0013,0.0040,0.0007,0.0002,0.0004,0.5454,0.0946,1.0425,20.0240
350,15,13,0.0054,0.0013,0.0041,0.0007,0.0002,0.0004,0.5562,0.1054,1.0425,20.1750
351,15,14,0.0055,0.0014,0.0042,0.0008,0.0002,0.0004,0.5672,0.1164,1.0425,20.3143
352,15,15,0.0056,0.0014,0.0043,0.0008,0.0002,0.0004,0.5785,0.1276,1.0425,20.4447
353,15,16,0.0057,0.0014,0.0044,0.0008,0.0002,0.0004,0.5899,0.1390,1.0425,20.5686
354,15,17,0.0058,0.0014,0.0045,0.0008,0.0002,0.0004,0.6015,0.1506,1.0425,20.6878
355,15,18,0.0059,0.0014,0.0045,0.0008,0.0002,0.0004,0.6133,0.1624,1.0425,20.8036
356,15,19,0.0060,0.0014,0.0046,0.0008,0.0002,0.0004,0.6253,0.1744,1.0425,20.9171
357,15,20,0.0061,0.0014,0.0047,0.0008,0.0002,0.0004,0.6375,0.1866,1.0425,21.0288
358,15,21,0.0062,0.0014,0.0048,0.0008,0.0002,0.0004,0.6498,0.1989,1.0425,21.1393
359,15,22,0.0063,0.0014,0.0049,0.0008,0.0002,0.0004,0.6623,0.2115,1.0425,21.2491
360,15,23,0.0015,0.0014,0.0000,0.0008,0.0002,0.0004,0.6653,0.2144,1.0425,21.3584
361,16,0,0.0017,0.0012,0.0004,0.0007,0.0002,0.0004,0.6682,0.0000,0.8827,21.8772
362,16,1,0.0025,0.0013,0.0012,0.0007,0.0002,0.0004,0.6727,0.0045,0.8827,22.9221
363,16,2,0.0034,0.0014,0.0020,0.0008,0.0002,0.0004,0.6789,0.0108,0.8827,24.0363
364,16,3,0.0041,0.0014,0.0027,0.0008,0.0002,0.0004,0.6869,0.0187,0.8827,25.0238
365,16,4,0.0048,0.0015,0.0034,0.0008,0.0002,0.0004,0.6961,0.0280,0.8827,25.8558
366,16,5,0.0054,0.0015,0.0039,0.0008,0.0002,0.0005,0.7066,0.0384,0.8827,26.5479
367,16,6,0.0058,0.0015,0.0043,0.0009,0.0002,0.0005,0.7180,0.0498,0.8827,27.1294
368,16,7,0.0062,0.0016,0.0047,0.0009,0.0002,0.0005,0.7302,0.0620,0.8827,27.6256
369,16,8,0.0066,0.0016,0.0050,0.0009,0.0002,0.0005,0.7432,0.0750,0.8827,28.0520
370,16,9,0.0068,0.0016,0.0052,0.0009,0.0002,0.0005,0.7567,0.0885,0.8827,28.4202
371,16,10,0.0071,0.0016,0.0055,0.0009,0.0002,0.0005,0.7708,0.1026,0.8827,28.7400
372,16,11,0.0073,0.0016,0.0057,0.0009,0.0002,0.0005,0.7853,0.1171,0.8827,29.0197
373,16,12,0.0075,0.0016,0.0059,0.0009,0.0002,0.0005,0.8002,0.1320,0.8827,29.2660
374,16,13,0.0077,0.0017,0.0060,0.0009,0.0002,0.0005,0.8155,0.1473,0.8827,29.4855
375,16,14,0.0078,0.0017,0.0062,0.0010,0.0002,0.0005,0.8311,0.1629,0.8827,29.6836
376,16,15,0.0080,0.0017,0.0063,0.0010,0.0002,0.0005,0.8470,0.1788,0.8827,29.8636
377,16,16,0.0081,0.0017,0.0064,0.0010,0.0002,0.0005,0.8632,0.1950,0.8827,30.0292
378,16,17,0.0082,0.0017,0.0065,0.0010,0.0002,0.0005,0.8796,0.2114,0.8827,30.1834
379,16,18,0.0084,0.0017,0.0066,0.0010,0.0002,0.0005,0.8963,0.2281,0.8827,30.3270
380,16,19,0.0085,0.0017,0.0067,0.0010,0.0002,0.0005,0.9131,0.2449,0.8827,30.4619
381,16,20,0.0086,0.0017,0.0068,0.0010,0.0002,0.0005,0.9302,0.2620,0.8827,30.5909
382,16,21,0.0087,0.0017,0.0069,0.0010,0.0002,0.0005,0.9475,0.2793,0.8827,30.7150
383,16,22,0.0088,0.0017,0.0070,0.0010,0.0002,0.0005,0.9649,0.2967,0.8827,30.8353
384,16,23,0.0018,0.0017,0.0000,0.0010,0.0002,0.0005,0.9685,0.3003,0.8827,30.9528
385,17,0,0.0025,0.0020,0.0006,0.0011,0.0002,0.0006,0.9730,0.0000,0.9727,31.6564
386,17,1,0.0035,0.0020,0.0015,0.0012,0.0003,0.0006,0.9795,0.0065,0.9727,32.9251
387,17,2,0.0045,0.0021,0.0024,0.0012,0.0003,0.0006,0.9880,0.0150,0.9727,34.0918
388,17,3,0.0053,0.0022,0.0031,0.0012,0.0003,0.0006,0.9981,0.0251,0.9727,35.1025
389,17,4,0.0060,0.0022,0.0037,0.0013,0.0003,0.0007,1.0097,0.0367,0.9727,35.9699
390,17,5,0.0066,0.0023,0.0043,0.0013,0.0003,0.0007,1.0226,0.0495,0.9727,36.7172
391,17,6,0.0071,0.0023,0.0048,0.0013,0.0003,0.0007,1.0364,0.0634,0.9727,37.3467
392,17,7,0.0075,0.0023,0.0051,0.0013,0.0003,0.0007,1.0512,0.0782,0.9727,37.8552
393,17,8,0.0078,0.0024,0.0054,0.0014,0.0003,0.0007,1.0666,0.0936,0.9727,38.2587
394,17,9,0.0080,0.0024,0.0057,0.0014,0.0003,0.0007,1.0826,0.1096,0.9727,38.5744
395,17,10,0.0082,0.0024,0.0058,0.0014,0.0003,0.0007,1.0990,0.1260,0.9727,38.8171
396,17,11,0.0084,0.0024,0.0060,0.0014,0.0003,0.0007,1.1157,0.1427,0.9727,38.9997
397,17,12,0.0085,0.0024,0.0061,0.0014,0.0003,0.0007,1.1326,0.1596,0.9727,39.1337
398,17,13,0.0086,0.0024,0.0061,0.0014,0.0003,0.0007,1.1497,0.1767,0.9727,39.2277
399,17,14,0.0086,0.0024,0.0062,0.0014,0.0003,0.0007,1.1669,0.1939,0.9727,39.2884
400,17,15,0.0086,0.0024,0.0062,0.0014,0.0003,0.0007,1.1842,0.2112,0.9727,39.3269
401,17,16,0.0087,0.0024,0.0062,0.0014,0.0003,0.0007,1.2016,0.2285,0.9727,39.3617
402,17,17,0.0087,0.0024,0.0063,0.0014,0.0003,0.0007,1.2190,0.2459,0.9727,39.4042
403,17,18,0.0088,0.0024,0.0063,0.0014,0.0003,0.0007,1.2364,0.2634,0.9727,39.4557
404,17,19,0.0088,0.0024,0.0064,0.0014,0.0003,0.0007,1.2540,0.2810,0.9727,39.5166
405,17,20,0.0089,0.0024,0.0064,0.0014,0.0003,0.0007,1.2717,0.2987,0.9727,39.5855
406,17,21,0.0089,0.0025,0.0065,0.0014,0.0003,0.0007,1.2895,0.3165,0.9727,39.6615
407,17,22,0.0090,0.0025,0.0065,0.0014,0.0003,0.0007,1.3074,0.3344,0.9727,39.7443
408,17,23,0.0025,0.0025,0.0000,0.0014,0.0003,0.0007,1.3124,0.3394,0.9727,39.8328
409,18,0,0.0031,0.0026,0.0005,0.0015,0.0003,0.0008,1.3182,0.0000,1.0140,40.4722
410,18,1,0.0041,0.0027,0.0014,0.0015,0.0003,0.0008,1.3258,0.0076,1.0140,41.6688
411,18,2,0.0050,0.0028,0.0022,0.0016,0.0004,0.0008,1.3353,0.0171,1.0140,42.8017
412,18,3,0.0058,0.0028,0.0029,0.0016,0.0004,0.0008,1.3464,0.0283,1.0140,43.7862
413,18,4,0.0064,0.0029,0.0036,0.0017,0.0004,0.0009,1.3590,0.0408,1.0140,44.6283
414,18,5,0.0070,0.0029,0.0041,0.0017,0.0004,0.0009,1.3727,0.0546,1.0140,45.3482
415,18,6,0.0075,0.0030,0.0046,0.0017,0.0004,0.0009,1.3875,0.0694,1.0140,45.9654
416,18,7,0.0079,0.0030,0.0049,0.0017,0.0004,0.0009,1.4032,0.0850,1.0140,46.4949
417,18,8,0.0083,0.0030,0.0053,0.0017,0.0004,0.0009,1.4196,0.1015,1.0140,46.9506
418,18,9,0.0086,0.0031,0.0056,0.0018,0.0004,0.0009,1.4367,0.1186,1.0140,47.3472
419,18,10,0.0089,0.0031,0.0058,0.0018,0.0004,0.0009,1.4544,0.1362,1.0140,47.6945
420,18,11,0.0091,0.0031,0.0061,0.0018,0.0004,0.0009,1.4725,0.1544,1.0140,48.0013
421,18,12,0.0094,0.0031,0.0063,0.0018,0.0004,0.0009,1.4912,0.1730,1.0140,48.2748
422,18,13,0.0096,0.0031,0.0064,0.0018,0.0004,0.0009,1.5102,0.1920,1.0140,48.5199
423,18,14,0.0097,0.0031,0.0066,0.0018,0.0004,0.0009,1.5296,0.2114,1.0140,48.7420
424,18,15,0.0099,0.0032,0.0067,0.0018,0.0004,0.0009,1.5493,0.2312,1.0140,48.9459
425,18,16,0.0101,0.0032,0.0069,0.0018,0.0004,0.0009,1.5693,0.2512,1.0140,49.1342
426,18,17,0.0102,0.0032,0.0070,0.0018,0.0004,0.0009,1.5897,0.2715,1.0140,49.3098
427,18,18,0.0103,0.0032,0.0071,0.0018,0.0004,0.0009,1.6103,0.2921,1.0140,49.4749
428,18,19,0.0105,0.0032,0.0073,0.0018,0.0004,0.0009,1.6311,0.3129,1.0140,49.6317
429,18,20,0.0106,0.0032,0.0074,0.0018,0.0004,0.0009,1.6522,0.3340,1.0140,49.7811
430,18,21,0.0107,0.0032,0.0075,0.0019,0.0004,0.0010,1.6735,0.3554,1.0140,49.9252
431,18,22,0.0108,0.0032,0.0076,0.0019,0.0004,0.0010,1.6951,0.3769,1.0140,50.0662
432,18,23,0.0033,0.0032,0.0001,0.0019,0.0004,0.0010,1.7016,0.3835,1.0140,50.2043
433,19,0,0.0036,0.0030,0.0006,0.0017,0.0004,0.0009,1.7083,0.0000,0.9330,50.9755
434,19,1,0.0048,0.0031,0.0017,0.0018,0.0004,0.0009,1.7173,0.0090,0.9330,52.4472
435,19,2,0.0060,0.0032,0.0028,0.0018,0.0004,0.0009,1.7287,0.0203,0.9330,53.9032
436,19,3,0.0070,0.0033,0.0037,0.0019,0.0004,0.0010,1.7421,0.0338,0.9330,55.1750
437,19,4,0.0079,0.0033,0.0045,0.0019,0.0004,0.0010,1.7574,0.0491,0.9330,56.2602
438,19,5,0.0086,0.0034,0.0052,0.0020,0.0004,0.0010,1.7742,0.0659,0.9330,57.1908
439,19,6,0.0092,0.0034,0.0058,0.0020,0.0004,0.0010,1.7924,0.0840,0.9330,57.9907
440,19,7,0.0098,0.0035,0.0063,0.0020,0.0004,0.0010,1.8116,0.1033,0.9330,58.6813
441,19,8,0.0103,0.0035,0.0067,0.0020,0.0004,0.0010,1.8319,0.1236,0.9330,59.2811
442,19,9,0.0107,0.0035,0.0071,0.0021,0.0005,0.0010,1.8530,0.1447,0.9330,59.8042
443,19,10,0.0110,0.0036,0.0075,0.0021,0.0005,0.0010,1.8749,0.1666,0.9330,60.2629
444,19,11,0.0114,0.0036,0.0078,0.0021,0.0005,0.0011,1.8975,0.1891,0.9330,60.6696
445,19,12,0.0116,0.0036,0.0080,0.0021,0.0005,0.0011,1.9206,0.2123,0.9330,61.0165
446,19,13,0.0119,0.0036,0.0082,0.0021,0.0005,0.0011,1.9442,0.2359,0.9330,61.2910
447,19,14,0.0120,0.0036,0.0084,0.0021,0.0005,0.0011,1.9682,0.2599,0.9330,61.5011
448,19,15,0.0121,0.0037,0.0085,0.0021,0.0005,0.0011,1.9924,0.2841,0.9330,61.6591
449,19,16,0.0122,0.0037,0.0086,0.0021,0.0005,0.0011,2.0169,0.3085,0.9330,61.7744
450,19,17,0.0123,0.0037,0.0086,0.0021,0.0005,0.0011,2.0415,0.3331,0.9330,61.8535
451,19,18,0.0123,0.0037,0.0087,0.0021,0.0005,0.0011,2.0661,0.3578,0.9330,61.9015
452,19,19,0.0124,0.0037,0.0087,0.0021,0.0005,0.0011,2.0908,0.3825,0.9330,61.9248
453,19,20,0.0124,0.0037,0.0087,0.0021,0.0005,0.0011,2.1156,0.4072,0.9330,61.9314
454,19,21,0.0124,0.0037,0.0087,0.0021,0.0005,0.0011,2.1403,0.4319,0.9330,61.9314
455,19,22,0.0123,0.0037,0.0087,0.0021,0.0005,0.0011,2.1650,0.4566,0.9330,61.9314
456,19,23,0.0037,0.0037,0.0000,0.0021,0.0005,0.0011,2.1723,0.4640,0.9330,61.9314
457,20,0,0.0042,0.0037,0.0005,0.0022,0.0005,0.0011,2.1802,0.0000,0.9330,62.6352
458,20,1,0.0053,0.0038,0.0015,0.0022,0.0005,0.0011,2.1903,0.0101,0.9330,64.0547
459,20,2,0.0064,0.0039,0.0025,0.0023,0.0005,0.0011,2.2025,0.0223,0.9330,65.3988
460,20,3,0.0073,0.0039,0.0034,0.0023,0.0005,0.0011,2.2167,0.0365,0.9330,66.5665
461,20,4,0.0081,0.0040,0.0041,0.0023,0.0005,0.0012,2.2326,0.0524,0.9330,67.5676
462,20,5,0.0088,0.0041,0.0048,0.0024,0.0005,0.0012,2.2499,0.0697,0.9330,68.4257
463,20,6,0.0094,0.0041,0.0053,0.0024,0.0005,0.0012,2.2684,0.0882,0.9330,69.1625
464,20,7,0.0099,0.0041,0.0058,0.0024,0.0005,0.0012,2.2880,0.1078,0.9330,69.7973
465,20,8,0.0103,0.0042,0.0062,0.0024,0.0005,0.0012,2.3084,0.1282,0.9330,70.3465
466,20,9,0.0107,0.0042,0.0065,0.0025,0.0005,0.0012,2.3297,0.1495,0.9330,70.8242
467,20,10,0.0111,0.0042,0.0068,0.0025,0.0005,0.0012,2.3516,0.1714,0.9330,71.2422
468,20,11,0.0114,0.0042,0.0071,0.0025,0.0005,0.0012,2.3742,0.1940,0.9330,71.6106
469,20,12,0.0116,0.0043,0.0073,0.0025,0.0005,0.0012,2.3973,0.2171,0.9330,71.9355
470,20,13,0.0118,0.0043,0.0076,0.0025,0.0005,0.0012,2.4208,0.2406,0.9330,72.2237
471,20,14,0.0120,0.0043,0.0077,0.0025,0.0005,0.0012,2.4448,0.2646,0.9330,72.4825
472,20,15,0.0122,0.0043,0.0079,0.0025,0.0005,0.0012,2.4692,0.2890,0.9330,72.7182
473,20,16,0.0124,0.0043,0.0081,0.0025,0.0005,0.0012,2.4939,0.3137,0.9330,72.9360
474,20,17,0.0126,0.0043,0.0082,0.0025,0.0005,0.0012,2.5190,0.3388,0.9330,73.1366
475,20,18,0.0127,0.0043,0.0084,0.0025,0.0006,0.0013,2.5443,0.3641,0.9330,73.3232
476,20,19,0.0129,0.0044,0.0085,0.0026,0.0006,0.0013,2.5700,0.3898,0.9330,73.4982
477,20,20,0.0130,0.0044,0.0086,0.0026,0.0006,0.0013,2.5959,0.4157,0.9330,73.6630
478,20,21,0.0131,0.0044,0.0087,0.0026,0.0006,0.0013,2.6220,0.4418,0.9330,73.8216
479,20,22,0.0132,0.0044,0.0088,0.0026,0.0006,0.0013,2.6484,0.4682,0.9330,73.9758
480,20,23,0.0044,0.0044,0.0001,0.0026,0.0006,0.0013,2.6573,0.4771,0.9330,74.1245
481,21,0,0.0049,0.0042,0.0007,0.0025,0.0005,0.0012,2.6665,0.0000,0.8827,75.0116
482,21,1,0.0062,0.0043,0.0019,0.0025,0.0005,0.0012,2.6782,0.0118,0.8827,76.6778
483,21,2,0.0075,0.0044,0.0031,0.0026,0.0006,0.0013,2.6926,0.0261,0.8827,78.2840
484,21,3,0.0086,0.0045,0.0041,0.0026,0.0006,0.0013,2.7093,0.0428,0.8827,79.6805
485,21,4,0.0096,0.0045,0.0050,0.0027,0.0006,0.0013,2.7280,0.0615,0.8827,80.8738
486,21,5,0.0104,0.0046,0.0058,0.0027,0.0006,0.0013,2.7483,0.0818,0.8827,81.8983
487,21,6,0.0111,0.0046,0.0064,0.0027,0.0006,0.0013,2.7701,0.1036,0.8827,82.7805
488,21,7,0.0117,0.0047,0.0070,0.0028,0.0006,0.0013,2.7932,0.1267,0.8827,83.5423
489,21,8,0.0122,0.0047,0.0075,0.0028,0.0006,0.0013,2.8173,0.1508,0.8827,84.2014
490,21,9,0.0127,0.0048,0.0079,0.0028,0.0006,0.0014,2.8424,0.1759,0.8827,84.7747
491,21,10,0.0131,0.0048,0.0083,0.0028,0.0006,0.0014,2.8683,0.2018,0.8827,85.2771
492,21,11,0.0134,0.0048,0.0086,0.0028,0.0006,0.0014,2.8949,0.2284,0.8827,85.7190
493,21,12,0.0137,0.0048,0.0089,0.0028,0.0006,0.0014,2.9222,0.2557,0.8827,86.1090
494,21,13,0.0140,0.0048,0.0091,0.0029,0.0006,0.0014,2.9500,0.2835,0.8827,86.4563
495,21,14,0.0142,0.0049,0.0094,0.0029,0.0006,0.0014,2.9784,0.3119,0.8827,86.7690
496,21,15,0.0145,0.0049,0.0096,0.0029,0.0006,0.0014,3.0072,0.3407,0.8827,87.0530
497,21,16,0.0147,0.0049,0.0098,0.0029,0.0006,0.0014,3.0364,0.3699,0.8827,87.3070
498,21,17,0.0148,0.0049,0.0099,0.0029,0.0006,0.0014,3.0660,0.3995,0.8827,87.5189
499,21,18,0.0150,0.0049,0.0100,0.0029,0.0006,0.0014,3.0959,0.4294,0.8827,87.6848
500,21,19,0.0151,0.0049,0.0101,0.0029,0.0006,0.0014,3.1259,0.4594,0.8827,87.8105
501,21,20,0.0151,0.0049,0.0102,0.0029,0.0006,0.0014,3.1562,0.4897,0.8827,87.9016
502,21,21,0.0152,0.0049,0.0103,0.0029,0.0006,0.0014,3.1865,0.5200,0.8827,87.9652
503,21,22,0.0152,0.0049,0.0103,0.0029,0.0006,0.0014,3.2169,0.5504,0.8827,88.0075
504,21,23,0.0049,0.0049,0.0000,0.0029,0.0006,0.0014,3.2268,0.5603,0.8827,88.0313
505,22,0,0.0062,0.0055,0.0006,0.0033,0.0007,0.0016,3.2385,0.0000,0.9794,88.8978
506,22,1,0.0075,0.0056,0.0018,0.0033,0.0007,0.0016,3.2528,0.0143,0.9794,90.5158
507,22,2,0.0086,0.0057,0.0029,0.0034,0.0007,0.0016,3.2694,0.0309,0.9794,91.9139
508,22,3,0.0095,0.0058,0.0037,0.0034,0.0007,0.0017,3.2880,0.0495,0.9794,93.0853
509,22,4,0.0103,0.0059,0.0044,0.0034,0.0007,0.0017,3.3082,0.0697,0.9794,94.0598
510,22,5,0.0109,0.0059,0.0050,0.0035,0.0007,0.0017,3.3298,0.0913,0.9794,94.8727
511,22,6,0.0115,0.0059,0.0056,0.0035,0.0007,0.0017,3.3525,0.1140,0.9794,95.5627
512,22,7,0.0120,0.0060,0.0060,0.0035,0.0008,0.0017,3.3762,0.1377,0.9794,96.1570
513,22,8,0.0124,0.0060,0.0064,0.0035,0.0008,0.0017,3.4008,0.1623,0.9794,96.6723
514,22,9,0.0127,0.0060,0.0067,0.0036,0.0008,0.0017,3.4261,0.1876,0.9794,97.1231
515,22,10,0.0131,0.0061,0.0070,0.0036,0.0008,0.0017,3.4520,0.2135,0.9794,97.5215
516,22,11,0.0134,0.0061,0.0073,0.0036,0.0008,0.0017,3.4786,0.2401,0.9794,97.8767
517,22,12,0.0136,0.0061,0.0075,0.0036,0.0008,0.0017,3.5057,0.2672,0.9794,98.1950
518,22,13,0.0138,0.0061,0.0077,0.0036,0.0008,0.0017,3.5332,0.2947,0.9794,98.4821
519,22,14,0.0140,0.0061,0.0079,0.0036,0.0008,0.0018,3.5612,0.3227,0.9794,98.7431
520,22,15,0.0142,0.0062,0.0081,0.0036,0.0008,0.0018,3.5896,0.3511,0.9794,98.9809
521,22,16,0.0144,0.0062,0.0082,0.0036,0.0008,0.0018,3.6183,0.3798,0.9794,99.1984
522,22,17,0.0146,0.0062,0.0084,0.0036,0.0008,0.0018,3.6473,0.4088,0.9794,99.4002
523,22,18,0.0147,0.0062,0.0085,0.0036,0.0008,0.0018,3.6767,0.4382,0.9794,99.5897
524,22,19,0.0149,0.0062,0.0087,0.0037,0.0008,0.0018,3.7063,0.4678,0.9794,99.7690
525,22,20,0.0150,0.0062,0.0088,0.0037,0.0008,0.0018,3.7363,0.4978,0.9794,99.9386
526,22,21,0.0151,0.0062,0.0089,0.0037,0.0008,0.0018,3.7664,0.5280,0.9794,100.1011
527,22,22,0.0153,0.0062,0.0090,0.0037,0.0008,0.0018,3.7969,0.5584,0.9794,100.2593
528,22,23,0.0063,0.0062,0.0001,0.0037,0.0008,0.0018,3.8095,0.5710,0.9794,100.4133
529,23,0,0.0066,0.0058,0.0007,0.0034,0.0007,0.0017,3.8220,0.0000,0.9075,101.3186
530,23,1,0.0080,0.0059,0.0020,0.0035,0.0007,0.0017,3.8371,0.0151,0.9075,103.0739
531,23,2,0.0093,0.0060,0.0033,0.0036,0.0008,0.0017,3.8551,0.0331,0.9075,104.8222
532,23,3,0.0106,0.0061,0.0044,0.0036,0.0008,0.0017,3.8756,0.0536,0.9075,106.3496
533,23,4,0.0116,0.0062,0.0054,0.0037,0.0008,0.0018,3.8983,0.0763,0.9075,107.6595
534,23,5,0.0125,0.0063,0.0062,0.0037,0.0008,0.0018,3.9228,0.1009,0.9075,108.7819
535,23,6,0.0133,0.0063,0.0069,0.0037,0.0008,0.0018,3.9489,0.1270,0.9075,109.7422
536,23,7,0.0139,0.0064,0.0075,0.0038,0.0008,0.0018,3.9764,0.1545,0.9075,110.5665
537,23,8,0.0145,0.0064,0.0081,0.0038,0.0008,0.0018,4.0051,0.1831,0.9075,111.2779
538,23,9,0.0150,0.0064,0.0085,0.0038,0.0008,0.0018,4.0348,0.2128,0.9075,111.8930
539,23,10,0.0154,0.0065,0.0089,0.0038,0.0008,0.0018,4.0653,0.2434,0.9075,112.4270
540,23,11,0.0158,0.0065,0.0093,0.0038,0.0008,0.0018,4.0967,0.2747,0.9075,112.8928
541,23,12,0.0161,0.0065,0.0096,0.0039,0.0008,0.0019,4.1287,0.3067,0.9075,113.2996
542,23,13,0.0164,0.0066,0.0098,0.0039,0.0008,0.0019,4.1613,0.3393,0.9075,113.6582
543,23,14,0.0166,0.0066,0.0101,0.0039,0.0008,0.0019,4.1944,0.3724,0.9075,113.9780
544,23,15,0.0168,0.0066,0.0103,0.0039,0.0008,0.0019,4.2280,0.4060,0.9075,114.2642
545,23,16,0.0171,0.0066,0.0105,0.0039,0.0008,0.0019,4.2620,0.4400,0.9075,114.5221
546,23,17,0.0172,0.0066,0.0106,0.0039,0.0008,0.0019,4.2964,0.4744,0.9075,114.7563
547,23,18,0.0174,0.0066,0.0108,0.0039,0.0008,0.0019,4.3311,0.5091,0.9075,114.9707
548,23,19,0.0176,0.0066,0.0109,0.0039,0.0008,0.0019,4.3661,0.5442,0.9075,115.1670
549,23,20,0.0177,0.0066,0.0111,0.0039,0.0008,0.0019,4.4015,0.5795,0.9075,115.3516
550,23,21,0.0178,0.0067,0.0112,0.0039,0.0008,0.0019,4.4371,0.6152,0.9075,115.5119
551,23,22,0.0179,0.0067,0.0113,0.0039,0.0008,0.0019,4.4729,0.6510,0.9075,115.6325
552,23,23,0.0067,0.0067,0.0000,0.0039,0.0008,0.0019,4.4863,0.6644,0.9075,115.7188
553,24,0,0.0075,0.0067,0.0008,0.0040,0.0008,0.0019,4.5005,0.0000,0.9075,116.7175
554,24,1,0.0090,0.0068,0.0022,0.0040,0.0009,0.0019,4.5177,0.0172,0.9075,118.6280
555,24,2,0.0104,0.0069,0.0035,0.0041,0.0009,0.0020,4.5379,0.0373,0.9075,120.3871
556,24,3,0.0116,0.0070,0.0046,0.0042,0.0009,0.0020,4.5604,0.0599,0.9075,121.8809
557,24,4,0.0126,0.0071,0.0055,0.0042,0.0009,0.0020,4.5851,0.0846,0.9075,123.1312
558,24,5,0.0134,0.0072,0.0063,0.0042,0.0009,0.0020,4.6115,0.1110,0.9075,124.1730
559,24,6,0.0141,0.0072,0.0069,0.0043,0.0009,0.0020,4.6394,0.1389,0.9075,125.0385
560,24,7,0.0147,0.0072,0.0074,0.0043,0.0009,0.0020,4.6685,0.1679,0.9075,125.7533
561,24,8,0.0151,0.0073,0.0079,0.0043,0.0009,0.0021,4.6985,0.1980,0.9075,126.3422
562,24,9,0.0155,0.0073,0.0082,0.0043,0.0009,0.0021,4.7294,0.2288,0.9075,126.8270
563,24,10,0.0158,0.0073,0.0085,0.0043,0.0009,0.0021,4.7609,0.2603,0.9075,127.2215
564,24,11,0.0161,0.0074,0.0087,0.0044,0.0009,0.0021,4.7929,0.2924,0.9075,127.5506
565,24,12,0.0163,0.0074,0.0090,0.0044,0.0009,0.0021,4.8255,0.3249,0.9075,127.8385
566,24,13,0.0165,0.0074,0.0091,0.0044,0.0009,0.0021,4.8584,0.3579,0.9075,128.0940
567,24,14,0.0167,0.0074,0.0093,0.0044,0.0009,0.0021,4.8917,0.3912,0.9075,128.3226
568,24,15,0.0169,0.0074,0.0095,0.0044,0.0009,0.0021,4.9254,0.4249,0.9075,128.5287
569,24,16,0.0170,0.0074,0.0096,0.0044,0.0009,0.0021,4.9594,0.4588,0.9075,128.7161
570,24,17,0.0172,0.0074,0.0097,0.0044,0.0009,0.0021,4.9936,0.4931,0.9075,128.8878
571,24,18,0.0173,0.0074,0.0098,0.0044,0.0009,0.0021,5.0281,0.5276,0.9075,129.0466
572,24,19,0.0174,0.0074,0.0100,0.0044,0.0009,0.0021,5.0629,0.5623,0.9075,129.1948
573,24,20,0.0175,0.0075,0.0101,0.0044,0.0009,0.0021,5.0978,0.5973,0.9075,129.3329
574,24,21,0.0176,0.0075,0.0102,0.0044,0.0009,0.0021,5.1330,0.6325,0.9075,129.4604
575,24,22,0.0177,0.0075,0.0102,0.0044,0.0009,0.0021,5.1684,0.6678,0.9075,129.5809
576,24,23,0.0075,0.0075,0.0000,0.0044,0.0009,0.0021,5.1834,0.6829,0.9075,129.6994
577,25,0,0.0086,0.0079,0.0008,0.0047,0.0010,0.0022,5.1999,0.0000,0.9461,130.6740
578,25,1,0.0100,0.0080,0.0021,0.0047,0.0010,0.0022,5.2192,0.0193,0.9461,132.4689
579,25,2,0.0114,0.0081,0.0033,0.0048,0.0010,0.0023,5.2413,0.0414,0.9461,134.1136
580,25,3,0.0125,0.0081,0.0043,0.0048,0.0010,0.0023,5.2657,0.0658,0.9461,135.5352
581,25,4,0.0135,0.0082,0.0052,0.0049,0.0010,0.0023,5.2921,0.0922,0.9461,136.7549
582,25,5,0.0143,0.0083,0.0060,0.0049,0.0010,0.0023,5.3203,0.1204,0.9461,137.8024
583,25,6,0.0150,0.0083,0.0067,0.0049,0.0010,0.0023,5.3499,0.1500,0.9461,138.7025
584,25,7,0.0156,0.0084,0.0073,0.0050,0.0010,0.0024,5.3809,0.1810,0.9461,139.4803
585,25,8,0.0162,0.0084,0.0077,0.0050,0.0011,0.0024,5.4129,0.2130,0.9461,140.1550
586,25,9,0.0166,0.0085,0.0082,0.0050,0.0011,0.0024,5.4460,0.2461,0.9461,140.7430
587,25,10,0.0170,0.0085,0.0086,0.0050,0.0011,0.0024,5.4799,0.2800,0.9461,141.2580
588,25,11,0.0174,0.0085,0.0089,0.0050,0.0011,0.0024,5.5145,0.3146,0.9461,141.7114
589,25,12,0.0177,0.0085,0.0092,0.0051,0.0011,0.0024,5.5498,0.3499,0.9461,142.1149
590,25,13,0.0180,0.0086,0.0095,0.0051,0.0011,0.0024,5.5857,0.3858,0.9461,142.4752
591,25,14,0.0183,0.0086,0.0097,0.0051,0.0011,0.0024,5.6221,0.4222,0.9461,142.7990
592,25,15,0.0185,0.0086,0.0099,0.0051,0.0011,0.0024,5.6590,0.4591,0.9461,143.0922
593,25,16,0.0187,0.0086,0.0101,0.0051,0.0011,0.0024,5.6963,0.4964,0.9461,143.3600
594,25,17,0.0189,0.0086,0.0103,0.0051,0.0011,0.0024,5.7341,0.5342,0.9461,143.6063
595,25,18,0.0191,0.0086,0.0105,0.0051,0.0011,0.0024,5.7722,0.5723,0.9461,143.8351
596,25,19,0.0193,0.0087,0.0106,0.0051,0.0011,0.0024,5.8106,0.6107,0.9461,144.0494
597,25,20,0.0194,0.0087,0.0108,0.0051,0.0011,0.0024,5.8494,0.6495,0.9461,144.2520
598,25,21,0.0196,0.0087,0.0109,0.0051,0.0011,0.0024,5.8885,0.6886,0.9461,144.4428
599,25,22,0.0197,0.0087,0.0110,0.0052,0.0011,0.0024,5.9279,0.7280,0.9461,144.6257
600,25,23,0.0088,0.0087,0.0001,0.0052,0.0011,0.0025,5.9454,0.7455,0.9461,144.8055
601,26,0,0.0081,0.0073,0.0009,0.0043,0.0009,0.0020,5.9609,0.0000,0.7846,145.9012
602,26,1,0.0098,0.0074,0.0024,0.0044,0.0009,0.0021,5.9796,0.0187,0.7846,147.9786
603,26,2,0.0114,0.0075,0.0039,0.0044,0.0009,0.0021,6.0015,0.0406,0.7846,149.9871
604,26,3,0.0127,0.0076,0.0052,0.0045,0.0009,0.0021,6.0262,0.0653,0.7846,151.7104
605,26,4,0.0139,0.0076,0.0062,0.0045,0.0010,0.0021,6.0534,0.0925,0.7846,153.1571
606,26,5,0.0148,0.0077,0.0071,0.0046,0.0010,0.0022,6.0825,0.1216,0.7846,154.3705
607,26,6,0.0156,0.0077,0.0079,0.0046,0.0010,0.0022,6.1133,0.1524,0.7846,155.3882
608,26,7,0.0163,0.0078,0.0085,0.0046,0.0010,0.0022,6.1456,0.1847,0.7846,156.2422
609,26,8,0.0168,0.0078,0.0090,0.0046,0.0010,0.0022,6.1790,0.2181,0.7846,156.9556
610,26,9,0.0173,0.0078,0.0095,0.0047,0.0010,0.0022,6.2134,0.2525,0.7846,157.5494
611,26,10,0.0177,0.0079,0.0098,0.0047,0.0010,0.0022,6.2486,0.2877,0.7846,158.0422
612,26,11,0.0180,0.0079,0.0101,0.0047,0.0010,0.0022,6.2844,0.3235,0.7846,158.4498
613,26,12,0.0183,0.0079,0.0104,0.0047,0.0010,0.0022,6.3209,0.3600,0.7846,158.7839
614,26,13,0.0185,0.0079,0.0106,0.0047,0.0010,0.0022,6.3577,0.3968,0.7846,159.0578
615,26,14,0.0187,0.0079,0.0107,0.0047,0.0010,0.0022,6.3950,0.4341,0.7846,159.2808
616,26,15,0.0188,0.0079,0.0109,0.0047,0.0010,0.0022,6.4325,0.4716,0.7846,159.4601
617,26,16,0.0189,0.0080,0.0110,0.0047,0.0010,0.0022,6.4703,0.5094,0.7846,159.6058
618,26,17,0.0190,0.0080,0.0111,0.0047,0.0010,0.0022,6.5083,0.5474,0.7846,159.7306
619,26,18,0.0191,0.0080,0.0111,0.0047,0.0010,0.0022,6.5465,0.5856,0.7846,159.8457
620,26,19,0.0192,0.0080,0.0112,0.0047,0.0010,0.0022,6.5849,0.6240,0.7846,159.9559
621,26,20,0.0193,0.0080,0.0113,0.0047,0.0010,0.0022,6.6234,0.6625,0.7846,160.0622
622,26,21,0.0194,0.0080,0.0114,0.0047,0.0010,0.0022,6.6621,0.7012,0.7846,160.1634
623,26,22,0.0194,0.0080,0.0115,0.0047,0.0010,0.0022,6.7009,0.7400,0.7846,160.2599
624,26,23,0.0080,0.0080,0.0000,0.0047,0.0010,0.0022,6.7169,0.7560,0.7846,160.3529
625,27,0,0.0109,0.0101,0.0008,0.0060,0.0013,0.0028,6.7380,0.0000,0.9862,161.4004
626,27,1,0.0124,0.0102,0.0021,0.0061,0.0013,0.0029,6.7620,0.0240,0.9862,163.2096
627,27,2,0.0135,0.0103,0.0032,0.0061,0.0013,0.0029,6.7885,0.0505,0.9862,164.6961
628,27,3,0.0146,0.0104,0.0042,0.0062,0.0013,0.0029,6.8171,0.0791,0.9862,165.9558
629,27,4,0.0154,0.0105,0.0050,0.0062,0.0013,0.0029,6.8475,0.1095,0.9862,167.0353
630,27,5,0.0162,0.0105,0.0056,0.0062,0.0013,0.0030,6.8794,0.1415,0.9862,167.9624
631,27,6,0.0168,0.0106,0.0062,0.0063,0.0013,0.0030,6.9127,0.1747,0.9862,168.7633
632,27,7,0.0174,0.0106,0.0067,0.0063,0.0013,0.0030,6.9471,0.2092,0.9862,169.4608
633,27,8,0.0178,0.0107,0.0072,0.0063,0.0013,0.0030,6.9826,0.2446,0.9862,170.0700
634,27,9,0.0183,0.0107,0.0076,0.0063,0.0013,0.0030,7.0189,0.2809,0.9862,170.6051
635,27,10,0.0186,0.0107,0.0079,0.0064,0.0013,0.0030,7.0560,0.3180,0.9862,171.0758
636,27,11,0.0190,0.0107,0.0082,0.0064,0.0013,0.0030,7.0938,0.3558,0.9862,171.4920
637,27,12,0.0193,0.0108,0.0085,0.0064,0.0013,0.0030,7.1322,0.3942,0.9862,171.8663
638,27,13,0.0196,0.0108,0.0088,0.0064,0.0013,0.0030,7.1712,0.4332,0.9862,172.2059
639,27,14,0.0198,0.0108,0.0090,0.0064,0.0013,0.0030,7.2106,0.4727,0.9862,172.5146
640,27,15,0.0200,0.0108,0.0092,0.0064,0.0014,0.0030,7.2506,0.5126,0.9862,172.7972
641,27,16,0.0202,0.0108,0.0094,0.0064,0.0014,0.0031,7.2909,0.5530,0.9862,173.0579
642,27,17,0.0204,0.0109,0.0096,0.0064,0.0014,0.0031,7.3317,0.5937,0.9862,173.3001
643,27,18,0.0206,0.0109,0.0097,0.0065,0.0014,0.0031,7.3728,0.6348,0.9862,173.5267
644,27,19,0.0208,0.0109,0.0099,0.0065,0.0014,0.0031,7.4143,0.6763,0.9862,173.7403
645,27,20,0.0209,0.0109,0.0100,0.0065,0.0014,0.0031,7.4561,0.7181,0.9862,173.9428
646,27,21,0.0211,0.0109,0.0102,0.0065,0.0014,0.0031,7.4982,0.7602,0.9862,174.1360
647,27,22,0.0212,0.0109,0.0103,0.0065,0.0014,0.0031,7.5406,0.8026,0.9862,174.3215
648,27,23,0.0110,0.0109,0.0001,0.0065,0.0014,0.0031,7.5626,0.8246,0.9862,174.5010
649,28,0,0.0116,0.0108,0.0008,0.0064,0.0013,0.0030,7.5850,0.0000,0.9659,175.5419
650,28,1,0.0131,0.0109,0.0023,0.0065,0.0014,0.0031,7.6105,0.0254,0.9659,177.4749
651,28,2,0.0146,0.0110,0.0036,0.0065,0.0014,0.0031,7.6389,0.0539,0.9659,179.3180
652,28,3,0.0159,0.0111,0.0048,0.0066,0.0014,0.0031,7.6701,0.0851,0.9659,180.9205
653,28,4,0.0170,0.0112,0.0058,0.0066,0.0014,0.0032,7.7035,0.1185,0.9659,182.2973
654,28,5,0.0179,0.0113,0.0067,0.0067,0.0014,0.0032,7.7389,0.1539,0.9659,183.4828
655,28,6,0.0188,0.0113,0.0074,0.0067,0.0014,0.0032,7.7760,0.1910,0.9659,184.5049
656,28,7,0.0195,0.0114,0.0081,0.0067,0.0014,0.0032,7.8146,0.2295,0.9659,185.3825
657,28,8,0.0200,0.0114,0.0086,0.0068,0.0014,0.0032,7.8543,0.2693,0.9659,186.1182
658,28,9,0.0205,0.0115,0.0091,0.0068,0.0014,0.0032,7.8952,0.3102,0.9659,186.7250
659,28,10,0.0209,0.0115,0.0094,0.0068,0.0014,0.0032,7.9368,0.3518,0.9659,187.2248
660,28,11,0.0213,0.0115,0.0097,0.0068,0.0014,0.0032,7.9792,0.3941,0.9659,187.6327
661,28,12,0.0215,0.0115,0.0100,0.0068,0.0014,0.0032,8.0221,0.4370,0.9659,187.9634
662,28,13,0.0217,0.0115,0.0102,0.0068,0.0014,0.0033,8.0654,0.4804,0.9659,188.2292
663,28,14,0.0219,0.0116,0.0103,0.0069,0.0014,0.0033,8.1091,0.5241,0.9659,188.4404
664,28,15,0.0220,0.0116,0.0105,0.0069,0.0014,0.0033,8.1531,0.5681,0.9659,188.6060
665,28,16,0.0221,0.0116,0.0106,0.0069,0.0014,0.0033,8.1973,0.6123,0.9659,188.7310
666,28,17,0.0222,0.0116,0.0106,0.0069,0.0014,0.0033,8.2417,0.6567,0.9659,188.8222
667,28,18,0.0223,0.0116,0.0107,0.0069,0.0014,0.0033,8.2862,0.7012,0.9659,188.8876
668,28,19,0.0223,0.0116,0.0107,0.0069,0.0014,0.0033,8.3307,0.7457,0.9659,188.9346
669,28,20,0.0223,0.0116,0.0107,0.0069,0.0014,0.0033,8.3754,0.7903,0.9659,188.9660
670,28,21,0.0223,0.0116,0.0107,0.0069,0.0014,0.0033,8.4200,0.8350,0.9659,188.9838
671,28,22,0.0223,0.0116,0.0108,0.0069,0.0014,0.0033,8.4647,0.8797,0.9659,189.0044
672,28,23,0.0116,0.0116,0.0000,0.0069,0.0014,0.0033,8.4879,0.9029,0.9659,189.0386
673,29,0,0.0123,0.0116,0.0007,0.0069,0.0014,0.0033,8.5117,0.0000,0.9593,189.9811
674,29,1,0.0138,0.0117,0.0021,0.0069,0.0015,0.0033,8.5385,0.0267,0.9593,191.8562
675,29,2,0.0152,0.0118,0.0034,0.0070,0.0015,0.0033,8.5681,0.0564,0.9593,193.6453
676,29,3,0.0164,0.0119,0.0046,0.0071,0.0015,0.0034,8.6004,0.0887,0.9593,195.1988
677,29,4,0.0175,0.0120,0.0055,0.0071,0.0015,0.0034,8.6349,0.1232,0.9593,196.5295
678,29,5,0.0184,0.0120,0.0064,0.0071,0.0015,0.0034,8.6713,0.1595,0.9593,197.6685
679,29,6,0.0192,0.0121,0.0071,0.0072,0.0015,0.0034,8.7093,0.1975,0.9593,198.6452
680,29,7,0.0199,0.0122,0.0077,0.0072,0.0015,0.0034,8.7487,0.2369,0.9593,199.4823
681,29,8,0.0204,0.0122,0.0082,0.0072,0.0015,0.0034,8.7892,0.2775,0.9593,200.2044
682,29,9,0.0209,0.0122,0.0087,0.0073,0.0015,0.0035,8.8309,0.3191,0.9593,200.8308
683,29,10,0.0214,0.0123,0.0091,0.0073,0.0015,0.0035,8.8734,0.3617,0.9593,201.3741
684,29,11,0.0217,0.0123,0.0095,0.0073,0.0015,0.0035,8.9167,0.4050,0.9593,201.8462
685,29,12,0.0221,0.0123,0.0098,0.0073,0.0015,0.0035,8.9607,0.4490,0.9593,202.2609
686,29,13,0.0224,0.0123,0.0100,0.0073,0.0015,0.0035,9.0053,0.4936,0.9593,202.6307
687,29,14,0.0226,0.0124,0.0103,0.0073,0.0015,0.0035,9.0504,0.5387,0.9593,202.9574
688,29,15,0.0229,0.0124,0.0105,0.0073,0.0015,0.0035,9.0960,0.5843,0.9593,203.2494
689,29,16,0.0231,0.0124,0.0107,0.0074,0.0015,0.0035,9.1421,0.6304,0.9593,203.5154
690,29,17,0.0233,0.0124,0.0109,0.0074,0.0016,0.0035,9.1885,0.6768,0.9593,203.7575
691,29,18,0.0235,0.0124,0.0110,0.0074,0.0016,0.0035,9.2353,0.7236,0.9593,203.9794
692,29,19,0.0236,0.0124,0.0112,0.0074,0.0016,0.0035,9.2825,0.7708,0.9593,204.1845
693,29,20,0.0238,0.0124,0.0113,0.0074,0.0016,0.0035,9.3299,0.8182,0.9593,204.3755
694,29,21,0.0239,0.0125,0.0114,0.0074,0.0016,0.0035,9.3777,0.8660,0.9593,204.5545
695,29,22,0.0240,0.0125,0.0116,0.0074,0.0016,0.0035,9.4257,0.9140,0.9593,204.7234
696,29,23,0.0125,0.0125,0.0001,0.0074,0.0016,0.0035,9.4508,0.9391,0.9593,204.8836
697,30,0,0.0119,0.0110,0.0009,0.0065,0.0014,0.0031,9.4737,0.0000,0.8409,206.0062
698,30,1,0.0136,0.0111,0.0025,0.0066,0.0014,0.0031,9.5000,0.0263,0.8409,208.1844
699,30,2,0.0153,0.0112,0.0041,0.0067,0.0014,0.0032,9.5297,0.0560,0.8409,210.3159
700,30,3,0.0168,0.0113,0.0054,0.0067,0.0014,0.0032,9.5625,0.0888,0.8409,212.1729
701,30,4,0.0180,0.0114,0.0066,0.0068,0.0014,0.0032,9.5979,0.1242,0.8409,213.7680
702,30,5,0.0191,0.0115,0.0076,0.0068,0.0014,0.0032,9.6356,0.1619,0.8409,215.1307
703,30,6,0.0200,0.0116,0.0085,0.0069,0.0014,0.0033,9.6752,0.2014,0.8409,216.2978
704,30,7,0.0208,0.0116,0.0092,0.0069,0.0014,0.0033,9.7164,0.2427,0.8409,217.3023
705,30,8,0.0215,0.0116,0.0098,0.0069,0.0015,0.0033,9.7590,0.2853,0.8409,218.1666
706,30,9,0.0221,0.0117,0.0104,0.0069,0.0015,0.0033,9.8029,0.3292,0.8409,218.9118
707,30,10,0.0226,0.0117,0.0109,0.0070,0.0015,0.0033,9.8478,0.3741,0.8409,219.5563
708,30,11,0.0230,0.0118,0.0113,0.0070,0.0015,0.0033,9.8937,0.4200,0.8409,220.1155
709,30,12,0.0234,0.0118,0.0116,0.0070,0.0015,0.0033,9.9403,0.4666,0.8409,220.5995
710,30,13,0.0238,0.0118,0.0120,0.0070,0.0015,0.0033,9.9877,0.5140,0.8409,221.0235
711,30,14,0.0240,0.0118,0.0122,0.0070,0.0015,0.0033,10.0356,0.5619,0.8409,221.3952
712,30,15,0.0243,0.0118,0.0125,0.0070,0.0015,0.0033,10.0841,0.6104,0.8409,221.7026
713,30,16,0.0245,0.0119,0.0126,0.0070,0.0015,0.0033,10.1330,0.6593,0.8409,221.9487
714,30,17,0.0246,0.0119,0.0128,0.0070,0.0015,0.0033,10.1822,0.7085,0.8409,222.1453
715,30,18,0.0248,0.0119,0.0129,0.0070,0.0015,0.0033,10.2317,0.7579,0.8409,222.2977
716,30,19,0.0249,0.0119,0.0130,0.0070,0.0015,0.0033,10.2813,0.8076,0.8409,222.4126
717,30,20,0.0249,0.0119,0.0130,0.0071,0.0015,0.0033,10.3311,0.8574,0.8409,222.4961
718,30,21,0.0250,0.0119,0.0131,0.0071,0.0015,0.0033,10.3810,0.9073,0.8409,222.5532
719,30,22,0.0250,0.0119,0.0131,0.0071,0.0015,0.0033,10.4310,0.9573,0.8409,222.5883
720,30,23,0.0119,0.0119,0.0000,0.0071,0.0015,0.0034,10.4548,0.9811,0.8409,222.6050
721,31,0,0.0138,0.0130,0.0008,0.0077,0.0016,0.0037,10.4815,0.0000,0.9138,223.6988
722,31,1,0.0155,0.0131,0.0024,0.0078,0.0016,0.0037,10.5116,0.0301,0.9138,225.8145
723,31,2,0.0170,0.0132,0.0038,0.0078,0.0016,0.0037,10.5448,0.0633,0.9138,227.7208
724,31,3,0.0183,0.0133,0.0050,0.0079,0.0017,0.0037,10.5807,0.0992,0.9138,229.3499
725,31,4,0.0194,0.0134,0.0060,0.0080,0.0017,0.0038,10.6189,0.1374,0.9138,230.7375
726,31,5,0.0203,0.0135,0.0069,0.0080,0.0017,0.0038,10.6591,0.1776,0.9138,231.9264
727,31,6,0.0211,0.0135,0.0076,0.0080,0.0017,0.0038,10.7010,0.2195,0.9138,232.9477
728,31,7,0.0218,0.0136,0.0083,0.0081,0.0017,0.0038,10.7443,0.2628,0.9138,233.8243
729,31,8,0.0224,0.0136,0.0088,0.0081,0.0017,0.0038,10.7889,0.3074,0.9138,234.5779
730,31,9,0.0230,0.0137,0.0093,0.0081,0.0017,0.0038,10.8346,0.3531,0.9138,235.2271
731,31,10,0.0234,0.0137,0.0097,0.0081,0.0017,0.0039,10.8811,0.3996,0.9138,235.7847
732,31,11,0.0238,0.0137,0.0101,0.0081,0.0017,0.0039,10.9285,0.4470,0.9138,236.2643
733,31,12,0.0241,0.0137,0.0104,0.0082,0.0017,0.0039,10.9766,0.4951,0.9138,236.6846
734,31,13,0.0244,0.0138,0.0107,0.0082,0.0017,0.0039,11.0252,0.5437,0.9138,237.0560
735,31,14,0.0247,0.0138,0.0109,0.0082,0.0017,0.0039,11.0744,0.5929,0.9138,237.3834
736,31,15,0.0249,0.0138,0.0111,0.0082,0.0017,0.0039,11.1241,0.6426,0.9138,237.6714
737,31,16,0.0251,0.0138,0.0113,0.0082,0.0017,0.0039,11.1742,0.6927,0.9138,237.9258
738,31,17,0.0253,0.0138,0.0115,0.0082,0.0017,0.0039,11.2247,0.7432,0.9138,238.1536
739,31,18,0.0254,0.0138,0.0116,0.0082,0.0017,0.0039,11.2755,0.7940,0.9138,238.3593
740,31,19,0.0256,0.0138,0.0118,0.0082,0.0017,0.0039,11.3266,0.8451,0.9138,238.5465
741,31,20,0.0257,0.0139,0.0119,0.0082,0.0017,0.0039,11.3780,0.8965,0.9138,238.7148
742,31,21,0.0259,0.0139,0.0120,0.0082,0.0017,0.0039,11.4296,0.9481,0.9138,238.8704
743,31,22,0.0260,0.0139,0.0121,0.0082,0.0017,0.0039,11.4815,1.0000,0.9138,239.0191
744,31,23,0.0139,0.0139,0.0001,0.0082,0.0017,0.0039,11.5094,1.0279,0.9138,239.1594
745,32,0,0.0152,0.0143,0.0009,0.0085,0.0018,0.0040,11.5390,0.0000,0.9395,240.3047
746,32,1,0.0169,0.0145,0.0024,0.0086,0.0018,0.0041,11.5719,0.0329,0.9395,242.3978
747,32,2,0.0184,0.0146,0.0038,0.0087,0.0018,0.0041,11.6079,0.0690,0.9395,244.2970
748,32,3,0.0197,0.0147,0.0050,0.0087,0.0018,0.0041,11.6467,0.1078,0.9395,245.9339
749,32,4,0.0208,0.0148,0.0061,0.0088,0.0018,0.0042,11.6878,0.1489,0.9395,247.3362
750,32,5,0.0218,0.0148,0.0070,0.0088,0.0018,0.0042,11.7309,0.1920,0.9395,248.5418
751,32,6,0.0226,0.0149,0.0077,0.0088,0.0019,0.0042,11.7758,0.2368,0.9395,249.5778
752,32,7,0.0233,0.0149,0.0084,0.0089,0.0019,0.0042,11.8221,0.2831,0.9395,250.4700
753,32,8,0.0239,0.0150,0.0090,0.0089,0.0019,0.0042,11.8696,0.3307,0.9395,251.2404
754,32,9,0.0245,0.0150,0.0094,0.0089,0.0019,0.0042,11.9183,0.3794,0.9395,251.9079
755,32,10,0.0249,0.0151,0.0099,0.0090,0.0019,0.0042,11.9680,0.4290,0.9395,252.4886
756,32,11,0.0253,0.0151,0.0102,0.0090,0.0019,0.0042,12.0184,0.4795,0.9395,252.9957
757,32,12,0.0257,0.0151,0.0106,0.0090,0.0019,0.0043,12.0697,0.5307,0.9395,253.4408
758,32,13,0.0260,0.0151,0.0109,0.0090,0.0019,0.0043,12.1215,0.5825,0.9395,253.8333
759,32,14,0.0263,0.0152,0.0111,0.0090,0.0019,0.0043,12.1739,0.6350,0.9395,254.1816
760,32,15,0.0265,0.0152,0.0114,0.0090,0.0019,0.0043,12.2269,0.6879,0.9395,254.4930
761,32,16,0.0268,0.0152,0.0116,0.0090,0.0019,0.0043,12.2803,0.7413,0.9395,254.7734
762,32,17,0.0270,0.0152,0.0117,0.0090,0.0019,0.0043,12.3341,0.7951,0.9395,255.0283
763,32,18,0.0271,0.0152,0.0119,0.0091,0.0019,0.0043,12.3883,0.8493,0.9395,255.2595
764,32,19,0.0273,0.0152,0.0121,0.0091,0.0019,0.0043,12.4428,0.9039,0.9395,255.4683
765,32,20,0.0275,0.0153,0.0122,0.0091,0.0019,0.0043,12.4977,0.9587,0.9395,255.6457
766,32,21,0.0276,0.0153,0.0123,0.0091,0.0019,0.0043,12.5527,1.0138,0.9395,255.7830
767,32,22,0.0276,0.0153,0.0124,0.0091,0.0019,0.0043,12.6080,1.0690,0.9395,255.8848
768,32,23,0.0153,0.0153,0.0000,0.0091,0.0019,0.0043,12.6386,1.0996,0.9395,255.9568
769,33,0,0.0148,0.0140,0.0008,0.0083,0.0017,0.0039,12.6674,0.0000,0.8586,257.0379
770,33,1,0.0165,0.0141,0.0024,0.0084,0.0018,0.0040,12.6996,0.0321,0.8586,259.1816
771,33,2,0.0181,0.0142,0.0039,0.0085,0.0018,0.0040,12.7350,0.0676,0.8586,261.2169
772,33,3,0.0195,0.0143,0.0052,0.0085,0.0018,0.0040,12.7734,0.1060,0.8586,262.9615
773,33,4,0.0207,0.0144,0.0063,0.0086,0.0018,0.0041,12.8142,0.1468,0.8586,264.4371
774,33,5,0.0217,0.0145,0.0072,0.0086,0.0018,0.0041,12.8570,0.1896,0.8586,265.6777
775,33,6,0.0225,0.0145,0.0080,0.0086,0.0018,0.0041,12.9016,0.2342,0.8586,266.7183
776,33,7,0.0232,0.0146,0.0086,0.0087,0.0018,0.0041,12.9477,0.2802,0.8586,267.5892
777,33,8,0.0238,0.0146,0.0091,0.0087,0.0018,0.0041,12.9949,0.3275,0.8586,268.3148
778,33,9,0.0242,0.0147,0.0096,0.0087,0.0018,0.0041,13.0431,0.3757,0.8586,268.9261
779,33,10,0.0247,0.0147,0.0100,0.0087,0.0018,0.0041,13.0922,0.4248,0.8586,269.4519
780,33,11,0.0250,0.0147,0.0103,0.0088,0.0018,0.0041,13.1421,0.4747,0.8586,269.9066
781,33,12,0.0253,0.0147,0.0106,0.0088,0.0018,0.0041,13.1926,0.5252,0.8586,270.3010
782,33,13,0.0256,0.0148,0.0108,0.0088,0.0018,0.0042,13.2437,0.5763,0.8586,270.6406
783,33,14,0.0258,0.0148,0.0111,0.0088,0.0018,0.0042,13.2952,0.6278,0.8586,270.9369
784,33,15,0.0260,0.0148,0.0113,0.0088,0.0018,0.0042,13.3472,0.6798,0.8586,271.1970
785,33,16,0.0262,0.0148,0.0114,0.0088,0.0018,0.0042,13.3996,0.7321,0.8586,271.4270
786,33,17,0.0264,0.0148,0.0116,0.0088,0.0018,0.0042,13.4522,0.7848,0.8586,271.6354
787,33,18,0.0265,0.0148,0.0117,0.0088,0.0018,0.0042,13.5052,0.8378,0.8586,271.8228
788,33,19,0.0267,0.0148,0.0118,0.0088,0.0018,0.0042,13.5585,0.8911,0.8586,271.9924
789,33,20,0.0268,0.0148,0.0119,0.0088,0.0018,0.0042,13.6120,0.9446,0.8586,272.1416
790,33,21,0.0269,0.0148,0.0120,0.0088,0.0018,0.0042,13.6658,0.9983,0.8586,272.2764
791,33,22,0.0270,0.0149,0.0121,0.0088,0.0018,0.0042,13.7197,1.0523,0.8586,272.4011
792,33,23,0.0149,0.0149,0.0000,0.0088,0.0018,0.0042,13.7495,1.0821,0.8586,272.5179
793,34,0,0.0168,0.0159,0.0009,0.0094,0.0020,0.0045,13.7822,0.0000,0.9138,273.6470
